Filtering the log data using "subsystem == "io.macfuse" OR subsystem == "com.apple.FSKit" OR subsystem == "com.apple.DiskArbitration.diskarbitrationd""
Timestamp               Ty Process[PID:TID]
2026-08-25 06:22:57.948 I  io.macfuse.app.xpcservice.installer[2310:3c34] [io.macfuse:installer] Install privileged helpers
2026-08-25 06:22:58.216 I  io.macfuse.app.xpcservice.installer[2310:3c35] [io.macfuse:installer] Privileged helper io.macfuse.app.launchservice.daemon is up to date
2026-08-25 06:22:58.216 I  io.macfuse.app.xpcservice.installer[2310:3c35] [io.macfuse:installer] Install file system extensions
2026-08-25 06:22:58.232 I  io.macfuse.app.xpcservice.installer[2310:3c36] [io.macfuse:installer] File system extension io.macfuse.app.fsmodule.macfuse-local already registered
2026-08-25 06:22:58.241 I  io.macfuse.app.launchservice.daemon[2311:3c3a] [io.macfuse:daemon] Run preflight for volume <private>
2026-08-25 06:22:58.269 I  io.macfuse.app.launchservice.daemon[2311:3c3a] [io.macfuse:daemon] Mount volume <private> on <private>
2026-08-25 06:22:58.269 I  io.macfuse.app.launchservice.daemon[2311:3c3a] [io.macfuse:daemon] Advertise server for volume <private>
2026-08-25 06:22:58.269 I  io.macfuse.app.launchservice.daemon[2311:3c39] [io.macfuse:daemon] Mount volume <private>
2026-08-25 06:22:58.269 I  io.macfuse.app.launchservice.daemon[2311:3c39] [io.macfuse:daemon] Activate virtual device for volume <private>
2026-08-25 06:22:58.309 I  diskarbitrationd[126:3a8d] [com.apple.DiskArbitration.diskarbitrationd:default] hdiejectd [2315]:66107 -> diskarbitrationd [126]
2026-08-25 06:22:58.310 I  diskarbitrationd[126:3a8d] [com.apple.DiskArbitration.diskarbitrationd:default]   created session, id = hdiejectd [2315]:66107.
2026-08-25 06:22:58.311 I  diskarbitrationd[126:3a8d] [com.apple.DiskArbitration.diskarbitrationd:default]   set client port, id = hdiejectd [2315]:66107.
2026-08-25 06:22:58.311 I  diskarbitrationd[126:3a8d] [com.apple.DiskArbitration.diskarbitrationd:default]   registered callback, id = 0000000000000001:0000000000000001, kind = disk appeared.
2026-08-25 06:22:58.311 I  diskarbitrationd[126:3a8d] [com.apple.DiskArbitration.diskarbitrationd:default] diskarbitrationd [126] -> hdiejectd [2315]:66107
2026-08-25 06:22:58.311 I  diskarbitrationd[126:3a8d] [com.apple.DiskArbitration.diskarbitrationd:default]   dispatched callback, id = 0000000000000001:0000000000000001, kind = disk appeared, disk = /System/Volumes/Data/home?owner=0.
2026-08-25 06:22:58.311 I  diskarbitrationd[126:3a8d] [com.apple.DiskArbitration.diskarbitrationd:default]   dispatched callback, id = 0000000000000001:0000000000000001, kind = disk appeared, disk = /dev/disk0.
2026-08-25 06:22:58.311 I  diskarbitrationd[126:3a8d] [com.apple.DiskArbitration.diskarbitrationd:default]   dispatched callback, id = 0000000000000001:0000000000000001, kind = disk appeared, disk = /dev/disk0s2.
2026-08-25 06:22:58.311 I  diskarbitrationd[126:3a8d] [com.apple.DiskArbitration.diskarbitrationd:default]   dispatched callback, id = 0000000000000001:0000000000000001, kind = disk appeared, disk = /dev/disk0s1.
2026-08-25 06:22:58.311 I  diskarbitrationd[126:3a8d] [com.apple.DiskArbitration.diskarbitrationd:default]   dispatched callback, id = 0000000000000001:0000000000000001, kind = disk appeared, disk = /dev/disk0s3.
2026-08-25 06:22:58.311 I  diskarbitrationd[126:3a8d] [com.apple.DiskArbitration.diskarbitrationd:default]   dispatched callback, id = 0000000000000001:0000000000000001, kind = disk appeared, disk = /dev/disk1.
2026-08-25 06:22:58.311 I  diskarbitrationd[126:3a8d] [com.apple.DiskArbitration.diskarbitrationd:default]   dispatched callback, id = 0000000000000001:0000000000000001, kind = disk appeared, disk = /dev/disk3.
2026-08-25 06:22:58.311 I  diskarbitrationd[126:3a8d] [com.apple.DiskArbitration.diskarbitrationd:default]   dispatched callback, id = 0000000000000001:0000000000000001, kind = disk appeared, disk = /dev/disk2.
2026-08-25 06:22:58.311 I  diskarbitrationd[126:3a8d] [com.apple.DiskArbitration.diskarbitrationd:default]   dispatched callback, id = 0000000000000001:0000000000000001, kind = disk appeared, disk = /dev/disk1s1.
2026-08-25 06:22:58.311 I  diskarbitrationd[126:3a8d] [com.apple.DiskArbitration.diskarbitrationd:default]   dispatched callback, id = 0000000000000001:0000000000000001, kind = disk appeared, disk = /dev/disk1s2.
2026-08-25 06:22:58.311 I  diskarbitrationd[126:3a8d] [com.apple.DiskArbitration.diskarbitrationd:default]   dispatched callback, id = 0000000000000001:0000000000000001, kind = disk appeared, disk = /dev/disk1s3.
2026-08-25 06:22:58.311 I  diskarbitrationd[126:3a8d] [com.apple.DiskArbitration.diskarbitrationd:default]   dispatched callback, id = 0000000000000001:0000000000000001, kind = disk appeared, disk = /dev/disk1s4.
2026-08-25 06:22:58.311 I  diskarbitrationd[126:3a8d] [com.apple.DiskArbitration.diskarbitrationd:default]   dispatched callback, id = 0000000000000001:0000000000000001, kind = disk appeared, disk = /dev/disk2s1.
2026-08-25 06:22:58.312 I  diskarbitrationd[126:3a8d] [com.apple.DiskArbitration.diskarbitrationd:default]   dispatched callback, id = 0000000000000001:0000000000000001, kind = disk appeared, disk = /dev/disk2s2.
2026-08-25 06:22:58.312 I  diskarbitrationd[126:3a8d] [com.apple.DiskArbitration.diskarbitrationd:default]   dispatched callback, id = 0000000000000001:0000000000000001, kind = disk appeared, disk = /dev/disk3s1.
2026-08-25 06:22:58.312 I  diskarbitrationd[126:3a8d] [com.apple.DiskArbitration.diskarbitrationd:default]   dispatched callback, id = 0000000000000001:0000000000000001, kind = disk appeared, disk = /dev/disk3s2.
2026-08-25 06:22:58.312 I  diskarbitrationd[126:3a8d] [com.apple.DiskArbitration.diskarbitrationd:default]   dispatched callback, id = 0000000000000001:0000000000000001, kind = disk appeared, disk = /dev/disk3s3.
2026-08-25 06:22:58.313 I  diskarbitrationd[126:3a8d] [com.apple.DiskArbitration.diskarbitrationd:default]   dispatched callback, id = 0000000000000001:0000000000000001, kind = disk appeared, disk = /dev/disk3s4.
2026-08-25 06:22:58.313 I  diskarbitrationd[126:3a8d] [com.apple.DiskArbitration.diskarbitrationd:default]   dispatched callback, id = 0000000000000001:0000000000000001, kind = disk appeared, disk = /dev/disk3s5.
2026-08-25 06:22:58.313 I  diskarbitrationd[126:3a8d] [com.apple.DiskArbitration.diskarbitrationd:default]   dispatched callback, id = 0000000000000001:0000000000000001, kind = disk appeared, disk = /dev/disk3s6.
2026-08-25 06:22:58.313 I  diskarbitrationd[126:3a8d] [com.apple.DiskArbitration.diskarbitrationd:default]   dispatched callback, id = 0000000000000001:0000000000000001, kind = disk appeared, disk = /dev/disk3s1s1.
2026-08-25 06:22:58.314 I  diskarbitrationd[126:3a8d] [com.apple.DiskArbitration.diskarbitrationd:default] hdiejectd [2315]:66107 -> diskarbitrationd [126]
2026-08-25 06:22:58.314 I  diskarbitrationd[126:3a8d] [com.apple.DiskArbitration.diskarbitrationd:default]   registered callback, id = 0000000000000002:0000000000000002, kind = disk disappeared.
2026-08-25 06:22:58.314 I  diskarbitrationd[126:3a8d] [com.apple.DiskArbitration.diskarbitrationd:default]   registered callback, id = 0000000000000003:0000000000000003, kind = disk description changed.
2026-08-25 06:22:58.314 I  diskarbitrationd[126:3a8d] [com.apple.DiskArbitration.diskarbitrationd:default]   registered callback, id = 0000000000000004:0000000000000004, kind = idle.
2026-08-25 06:22:58.314 I  diskarbitrationd[126:3a8d] [com.apple.DiskArbitration.diskarbitrationd:default] diskarbitrationd [126] -> hdiejectd [2315]:66107
2026-08-25 06:22:58.314 I  diskarbitrationd[126:3a8d] [com.apple.DiskArbitration.diskarbitrationd:default]   dispatched callback, id = 0000000000000004:0000000000000004, kind = idle.
2026-08-25 06:22:58.315 I  diskarbitrationd[126:3a8d] [com.apple.DiskArbitration.diskarbitrationd:default]   dispatched callback queue.
2026-08-25 06:22:58.351 I  diskarbitrationd[126:3a8d] [com.apple.DiskArbitration.diskarbitrationd:default] diskimages-helper [2317]:38303 -> diskarbitrationd [126]
2026-08-25 06:22:58.352 I  diskarbitrationd[126:3a8d] [com.apple.DiskArbitration.diskarbitrationd:default]   created session, id = diskimages-helper [2317]:38303.
2026-08-25 06:22:58.352 I  diskarbitrationd[126:3a8d] [com.apple.DiskArbitration.diskarbitrationd:default]   removed session, id = diskimages-helper [2317]:38303.
2026-08-25 06:22:59.404 I  diskarbitrationd[126:3a8d] [com.apple.DiskArbitration.diskarbitrationd:default] diskimages-helper [2323]:42919 -> diskarbitrationd [126]
2026-08-25 06:22:59.404 I  diskarbitrationd[126:3a8d] [com.apple.DiskArbitration.diskarbitrationd:default]   created session, id = diskimages-helper [2323]:42919.
2026-08-25 06:22:59.405 I  diskarbitrationd[126:3a8d] [com.apple.DiskArbitration.diskarbitrationd:default]   removed session, id = diskimages-helper [2323]:42919.
2026-08-25 06:22:59.405 I  diskarbitrationd[126:3a8d] [com.apple.DiskArbitration.diskarbitrationd:default] diskimages-helper [2323]:38311 -> diskarbitrationd [126]
2026-08-25 06:22:59.405 I  diskarbitrationd[126:3a8d] [com.apple.DiskArbitration.diskarbitrationd:default]   created session, id = diskimages-helper [2323]:38311.
2026-08-25 06:22:59.406 I  diskarbitrationd[126:3a8d] [com.apple.DiskArbitration.diskarbitrationd:default]   removed session, id = diskimages-helper [2323]:38311.
2026-08-25 06:22:59.407 I  diskarbitrationd[126:3a8d] [com.apple.DiskArbitration.diskarbitrationd:default] diskimages-helper [2323]:42927 -> diskarbitrationd [126]
2026-08-25 06:22:59.407 I  diskarbitrationd[126:3a8d] [com.apple.DiskArbitration.diskarbitrationd:default]   created session, id = diskimages-helper [2323]:42927.
2026-08-25 06:22:59.407 I  diskarbitrationd[126:3a8d] [com.apple.DiskArbitration.diskarbitrationd:default]   set client port, id = diskimages-helper [2323]:42927.
2026-08-25 06:22:59.408 I  diskarbitrationd[126:3a8d] [com.apple.DiskArbitration.diskarbitrationd:default]   registered callback, id = 0000000000000001:0000000000000001, kind = disk appeared.
2026-08-25 06:22:59.408 I  diskarbitrationd[126:3a8d] [com.apple.DiskArbitration.diskarbitrationd:default]   registered callback, id = 0000000000000002:0000000000000002, kind = disk peek.
2026-08-25 06:22:59.408 I  diskarbitrationd[126:3a8d] [com.apple.DiskArbitration.diskarbitrationd:default]   registered callback, id = 0000000000000003:0000000000000003, kind = disk mount approval.
2026-08-25 06:22:59.408 I  diskarbitrationd[126:3a8d] [com.apple.DiskArbitration.diskarbitrationd:default] diskimages-helper [2323]:40275 -> diskarbitrationd [126]
2026-08-25 06:22:59.408 I  diskarbitrationd[126:3a8d] [com.apple.DiskArbitration.diskarbitrationd:default]   created session, id = diskimages-helper [2323]:40275.
2026-08-25 06:22:59.408 I  diskarbitrationd[126:3a8d] [com.apple.DiskArbitration.diskarbitrationd:default]   set client port, id = diskimages-helper [2323]:40275.
2026-08-25 06:22:59.408 I  diskarbitrationd[126:3a8d] [com.apple.DiskArbitration.diskarbitrationd:default]   registered callback, id = 0000000000000001:0000000000000001, kind = idle.
2026-08-25 06:22:59.408 I  diskarbitrationd[126:3a8d] [com.apple.DiskArbitration.diskarbitrationd:default] diskarbitrationd [126] -> diskimages-helper [2323]:40275
2026-08-25 06:22:59.408 I  diskarbitrationd[126:3a8d] [com.apple.DiskArbitration.diskarbitrationd:default]   dispatched callback, id = 0000000000000001:0000000000000001, kind = idle.
2026-08-25 06:22:59.408 I  diskarbitrationd[126:3a8d] [com.apple.DiskArbitration.diskarbitrationd:default]   dispatched callback queue.
2026-08-25 06:22:59.408 I  diskarbitrationd[126:3a8d] [com.apple.DiskArbitration.diskarbitrationd:default] diskimages-helper [2323]:40275 -> diskarbitrationd [126]
2026-08-25 06:22:59.408 I  diskarbitrationd[126:3a8d] [com.apple.DiskArbitration.diskarbitrationd:default]   unregistered callback, id = 0000000000000001:0000000000000001.
2026-08-25 06:22:59.408 I  diskarbitrationd[126:3a8d] [com.apple.DiskArbitration.diskarbitrationd:default]   removed session, id = diskimages-helper [2323]:40275.
2026-08-25 06:22:59.408 I  diskarbitrationd[126:3a8d] [com.apple.DiskArbitration.diskarbitrationd:default] diskimages-helper [2323]:67931 -> diskarbitrationd [126]
2026-08-25 06:22:59.408 I  diskarbitrationd[126:3a8d] [com.apple.DiskArbitration.diskarbitrationd:default]   created session, id = diskimages-helper [2323]:67931.
2026-08-25 06:22:59.408 I  diskarbitrationd[126:3a8d] [com.apple.DiskArbitration.diskarbitrationd:default]   set client port, id = diskimages-helper [2323]:67931.
2026-08-25 06:22:59.408 I  diskarbitrationd[126:3a8d] [com.apple.DiskArbitration.diskarbitrationd:default]   registered callback, id = 0000000000000001:0000000000000001, kind = disk description changed.
2026-08-25 06:22:59.419 Df diskarbitrationd[126:3a8d] [com.apple.DiskArbitration.diskarbitrationd:default] created disk, id = /dev/disk4.
2026-08-25 06:22:59.420 Df diskarbitrationd[126:3a8d] [com.apple.DiskArbitration.diskarbitrationd:default] probed disk, id = /dev/disk4, with iboysoft_NTFS, ongoing.
2026-08-25 06:22:59.424 Df diskarbitrationd[126:3a8d] [com.apple.DiskArbitration.diskarbitrationd:default] encryption status changed, id = /dev/disk4.
2026-08-25 06:22:59.472 Df diskarbitrationd[126:3a8d] [com.apple.DiskArbitration.diskarbitrationd:default] probed disk, id = /dev/disk4, with iboysoft_NTFS, failure.
2026-08-25 06:22:59.473 Df diskarbitrationd[126:3a8d] [com.apple.DiskArbitration.diskarbitrationd:default] probed disk, id = /dev/disk4, with udf, ongoing.
2026-08-25 06:22:59.485 Df diskarbitrationd[126:3a8d] [com.apple.DiskArbitration.diskarbitrationd:default] probed disk, id = /dev/disk4, with udf, failure.
2026-08-25 06:22:59.485 Df diskarbitrationd[126:3a8d] [com.apple.DiskArbitration.diskarbitrationd:default] probed disk, id = /dev/disk4, with apfs, ongoing.
2026-08-25 06:22:59.490 Df diskarbitrationd[126:3a8d] [com.apple.DiskArbitration.diskarbitrationd:default] probed disk, id = /dev/disk4, with apfs, failure.
2026-08-25 06:22:59.491 Df diskarbitrationd[126:3a8d] [com.apple.DiskArbitration.diskarbitrationd:default] probed disk, id = /dev/disk4, with hfs, ongoing.
2026-08-25 06:22:59.495 Df diskarbitrationd[126:3a8d] [com.apple.DiskArbitration.diskarbitrationd:default] probed disk, id = /dev/disk4, with hfs, failure.
2026-08-25 06:22:59.495 Df diskarbitrationd[126:3a8d] [com.apple.DiskArbitration.diskarbitrationd:default] probed disk, id = /dev/disk4, with cd9660, ongoing.
2026-08-25 06:22:59.500 Df diskarbitrationd[126:3a8d] [com.apple.DiskArbitration.diskarbitrationd:default] probed disk, id = /dev/disk4, with cd9660, failure.
2026-08-25 06:22:59.500 I  diskarbitrationd[126:3a8d] [com.apple.DiskArbitration.diskarbitrationd:default] unable to probe /dev/disk4 (status code 0xFFFFFFFC).
2026-08-25 06:22:59.500 E  diskarbitrationd[126:3a8d] [com.apple.DiskArbitration.diskarbitrationd:default] unable to probe /dev/disk4 (status code 0xFFFFFFFC).
2026-08-25 06:22:59.500 Df diskarbitrationd[126:3a8d] [com.apple.DiskArbitration.diskarbitrationd:default] probed disk, id = /dev/disk4, with exfat, ongoing.
2026-08-25 06:22:59.504 Df diskarbitrationd[126:3a8d] [com.apple.DiskArbitration.diskarbitrationd:default] probed disk, id = /dev/disk4, with exfat, failure.
2026-08-25 06:22:59.504 I  diskarbitrationd[126:3a8d] [com.apple.DiskArbitration.diskarbitrationd:default] unable to probe /dev/disk4 (status code 0xFFFFFFFC).
2026-08-25 06:22:59.504 E  diskarbitrationd[126:3a8d] [com.apple.DiskArbitration.diskarbitrationd:default] unable to probe /dev/disk4 (status code 0xFFFFFFFC).
2026-08-25 06:22:59.504 Df diskarbitrationd[126:3a8d] [com.apple.DiskArbitration.diskarbitrationd:default] probed disk, id = /dev/disk4, with ntfs, ongoing.
2026-08-25 06:22:59.508 Df diskarbitrationd[126:3a8d] [com.apple.DiskArbitration.diskarbitrationd:default] probed disk, id = /dev/disk4, with ntfs, failure.
2026-08-25 06:22:59.508 I  diskarbitrationd[126:3c76] [com.apple.FSKit:default] FSClient setting up connection to fskitd
2026-08-25 06:22:59.566 Df fskitd[2331:3c78] [com.apple.FSKit:default] Loading modules from LS
2026-08-25 06:22:59.567 Df fskitd[2331:3c78] [com.apple.FSKit:default] Returning extension types <private>
2026-08-25 06:22:59.567 Df fskitd[2331:3c78] [com.apple.FSKit:default] Adding LS record <private>
2026-08-25 06:22:59.567 Df fskitd[2331:3c78] [com.apple.FSKit:default] returning ep records <private>
2026-08-25 06:22:59.574 Df fskitd[2331:3c78] [com.apple.FSKit:default] New module list <private>
2026-08-25 06:22:59.574 Df fskitd[2331:3c78] [com.apple.FSKit:default] Old modules (null)
2026-08-25 06:22:59.574 Df fskitd[2331:3c78] [com.apple.FSKit:default] Added 2 identifiers: <private>
2026-08-25 06:22:59.575 Db fskitd[2331:3c79] [com.apple.FSKit:default] -[liveFilesMountServiceDelegate listener:shouldAcceptNewConnection:]: start
2026-08-25 06:22:59.575 Df fskitd[2331:3c79] [com.apple.FSKit:default] Incomming connection, entitled 1
2026-08-25 06:22:59.575 Db fskitd[2331:3c79] [com.apple.FSKit:default] -[liveFilesMountServiceDelegate listener:shouldAcceptNewConnection:]: accepting connection
2026-08-25 06:22:59.575 Df fskitd[2331:3c79] [com.apple.FSKit:default] Hello FSClient! entitlement yes
2026-08-25 06:22:59.575 Df diskarbitrationd[126:3c76] [com.apple.FSKit:default] Setting remote protocol to all XPC
2026-08-25 06:22:59.576 I  fskitd[2331:3c79] [com.apple.FSKit:default] Getting extensions
2026-08-25 06:22:59.576 Df fskitd[2331:3c79] [com.apple.FSKit:default] About to get current agent for 501
2026-08-25 06:22:59.576 I  fskitd[2331:3c79] [com.apple.FSKit:default] About to call to fskit_agent
2026-08-25 06:22:59.653 Df fskit_agent[2332:3c7c] [com.apple.FSKit:default] Loading modules from LS
2026-08-25 06:22:59.657 Df fskit_agent[2332:3c7c] [com.apple.FSKit:default] Returning extension types <private>
2026-08-25 06:22:59.657 Df fskit_agent[2332:3c7c] [com.apple.FSKit:default] Adding LS record <private>
2026-08-25 06:22:59.657 Df fskit_agent[2332:3c7c] [com.apple.FSKit:default] returning ep records <private>
2026-08-25 06:22:59.666 Df fskit_agent[2332:3c7c] [com.apple.FSKit:default] New module list <private>
2026-08-25 06:22:59.666 Df fskit_agent[2332:3c7c] [com.apple.FSKit:default] Old modules (null)
2026-08-25 06:22:59.666 Df fskit_agent[2332:3c7c] [com.apple.FSKit:default] Added 3 identifiers: <private>
2026-08-25 06:22:59.666 Db fskit_agent[2332:3c7d] [com.apple.FSKit:default] -[fskitAgentListenerDelegate listener:shouldAcceptNewConnection:]: start
2026-08-25 06:22:59.667 Db fskit_agent[2332:3c7d] [com.apple.FSKit:default] -[fskitAgentListenerDelegate listener:shouldAcceptNewConnection:]: accepting connection
2026-08-25 06:22:59.667 I  fskit_agent[2332:3c7d] [com.apple.FSKit:default] Getting extensions
2026-08-25 06:22:59.674 Df diskarbitrationd[126:3a8d] [com.apple.DiskArbitration.diskarbitrationd:default] Found FSModule: {
    CFBundleName = "macfuse-local_fskit";
    FSBundleID = "io.macfuse.app.fsmodule.macfuse-local";
    FSImplementation =     (
        UserFS,
        kext
    );
    FSIsFSModule = 1;
    FSMediaTypes =     {
    };
    FSPersonalities =     {
        Generic =         {
            FSName = "macFUSE (FSKit local)";
        };
    };
}
2026-08-25 06:22:59.676 Df diskarbitrationd[126:3a8d] [com.apple.DiskArbitration.diskarbitrationd:default] Found FSModule: {
    CFBundleName = "exfat_fskit";
    FSBundleID = "com.apple.fskit.exfat";
    FSImplementation =     (
        UserFS,
        kext
    );
    FSIsFSModule = 1;
    FSMediaTypes =     {
        "EBD0A0A2-B9E5-4433-87C0-68B6B72699C7" =         {
            FSMediaProperties =             {
                "Content Hint" = "EBD0A0A2-B9E5-4433-87C0-68B6B72699C7";
                Leaf = 1;
            };
            FSProbeArguments = "-p";
            FSProbeExecutable = "exfat.util";
            FSProbeOrder = 2000;
        };
        Partitionless =         {
            FSMediaProperties =             {
                Leaf = 1;
                Whole = 1;
            };
            FSProbeArguments = "-p";
            FSProbeExecutable = "exfat.util";
            FSProbeOrder = 4000;
        };
        "Windows_NTFS" =         {
            FSMediaProperties =             {
                "Content Hint" = "Windows_NTFS";
                Leaf = 1;
            };
            FSPro<…>
2026-08-25 06:22:59.677 Df diskarbitrationd[126:3a8d] [com.apple.DiskArbitration.diskarbitrationd:default] Found FSModule: {
    CFBundleName = "msdos_fskit";
    FSBundleID = "com.apple.fskit.msdos";
    FSImplementation =     (
        UserFS,
        kext
    );
    FSIsFSModule = 1;
    FSMediaTypes =     {
        "C12A7328-F81F-11D2-BA4B-00A0C93EC93B" =         {
            FSMediaProperties =             {
                "Content Hint" = "C12A7328-F81F-11D2-BA4B-00A0C93EC93B";
                Leaf = 1;
            };
            FSProbeArguments = "-p";
            FSProbeExecutable = "msdos.util";
            FSProbeOrder = 1000;
            autodiskmount = 0;
        };
        "DOS_FAT_12" =         {
            FSMediaProperties =             {
                "Content Hint" = "DOS_FAT_12";
                Leaf = 1;
            };
            FSProbeArguments = "-p";
            FSProbeExecutable = "msdos.util";
            FSProbeOrder = 1000;
        };
        "DOS_FAT_16" =         {
            FSMediaProperties =             {
                "Content Hint" = "DOS_FAT_16";
            <…>
2026-08-25 06:22:59.677 I  diskarbitrationd[126:3a8d] [com.apple.DiskArbitration.diskarbitrationd:default]  created filesystem, id = macfuse-local_fskit -- file:///.
2026-08-25 06:22:59.677 I  diskarbitrationd[126:3a8d] [com.apple.DiskArbitration.diskarbitrationd:default]  created filesystem, id = exfat_fskit -- file:///.
2026-08-25 06:22:59.677 I  diskarbitrationd[126:3a8d] [com.apple.DiskArbitration.diskarbitrationd:default]  created filesystem, id = msdos_fskit -- file:///.
2026-08-25 06:22:59.678 Df diskarbitrationd[126:3a8d] [com.apple.DiskArbitration.diskarbitrationd:default] probed disk, id = /dev/disk4, with exfat_fskit, ongoing.
2026-08-25 06:22:59.678 I  diskarbitrationd[126:3c80] [com.apple.FSKit:default] FSClient setting up connection to fskitd
2026-08-25 06:22:59.682 Db fskitd[2331:3c79] [com.apple.FSKit:default] -[liveFilesMountServiceDelegate listener:shouldAcceptNewConnection:]: start
2026-08-25 06:22:59.682 Df fskitd[2331:3c79] [com.apple.FSKit:default] Incomming connection, entitled 1
2026-08-25 06:22:59.682 Db fskitd[2331:3c79] [com.apple.FSKit:default] -[liveFilesMountServiceDelegate listener:shouldAcceptNewConnection:]: accepting connection
2026-08-25 06:22:59.683 Df fskitd[2331:3c79] [com.apple.FSKit:default] Hello FSClient! entitlement yes
2026-08-25 06:22:59.683 Df diskarbitrationd[126:3c80] [com.apple.FSKit:default] Setting remote protocol to all XPC
2026-08-25 06:22:59.684 I  fskitd[2331:3c81] [com.apple.FSKit:default] Probe starting on <private>
2026-08-25 06:22:59.684 Db fskitd[2331:3c81] [com.apple.FSKit:default] -[FSResourceManager getResourceState:]:not_found:<private>
2026-08-25 06:22:59.684 Db fskitd[2331:3c81] [com.apple.FSKit:default] -[FSResourceManager addTaskUUID:resource:]:<private>: Adding task (<private>)
2026-08-25 06:22:59.684 Db fskitd[2331:3c81] [com.apple.FSKit:default] applyResource starting with resource <private> kind 1
2026-08-25 06:22:59.685 Df fskitd[2331:3c81] [com.apple.FSKit:default] About to get current agent for 501
2026-08-25 06:22:59.685 I  fskitd[2331:3c81] [com.apple.FSKit:default] About to call to fskit_agent
2026-08-25 06:22:59.685 I  fskit_agent[2332:3c7d] [com.apple.FSKit:default] Getting extensions
2026-08-25 06:22:59.686 Db fskitd[2331:3c81] [com.apple.FSKit:default] -[fskitdXPCServer getExtensionModuleFromID:forToken:]_block_invoke: Found extension <private>, attrs <private>
2026-08-25 06:22:59.688 I  fskit_agent[2332:3c7d] [com.apple.FSKit:default] Starting startExtension:
2026-08-25 06:22:59.687 Df fskitd[2331:3c81] [com.apple.FSKit:default] About to get current agent for 501
2026-08-25 06:22:59.688 I  fskit_agent[2332:3c7d] [com.apple.FSKit:default] About to start proc for instance uuid <private>, moduleID <private>
2026-08-25 06:22:59.687 I  fskitd[2331:3c81] [com.apple.FSKit:default] About to call to fskit_agent, bundle ID <private>, instanceUUID <private>
2026-08-25 06:22:59.714 I  diskarbitrationd[126:3a8d] [com.apple.DiskArbitration.diskarbitrationd:default] diskutil [2336]:37663 -> diskarbitrationd [126]
2026-08-25 06:22:59.715 I  diskarbitrationd[126:3a8d] [com.apple.DiskArbitration.diskarbitrationd:default]   created session, id = diskutil [2336]:37663.
2026-08-25 06:22:59.715 I  diskarbitrationd[126:3a8d] [com.apple.DiskArbitration.diskarbitrationd:default]   removed session, id = diskutil [2336]:37663.
2026-08-25 06:22:59.724 I  diskarbitrationd[126:3a8d] [com.apple.DiskArbitration.diskarbitrationd:default] diskutil [2336]:52291 -> diskarbitrationd [126]
2026-08-25 06:22:59.724 I  diskarbitrationd[126:3a8d] [com.apple.DiskArbitration.diskarbitrationd:default]   created session, id = diskutil [2336]:52291.
2026-08-25 06:22:59.724 I  diskarbitrationd[126:3a8d] [com.apple.DiskArbitration.diskarbitrationd:default]   set client port, id = diskutil [2336]:52291.
2026-08-25 06:22:59.741 I  diskarbitrationd[126:3a8d] [com.apple.DiskArbitration.diskarbitrationd:default] storagekitd [276]:41863 -> diskarbitrationd [126]
2026-08-25 06:22:59.741 I  diskarbitrationd[126:3a8d] [com.apple.DiskArbitration.diskarbitrationd:default]   created session, id = storagekitd [276]:41863.
2026-08-25 06:22:59.742 I  diskarbitrationd[126:3a8d] [com.apple.DiskArbitration.diskarbitrationd:default]   set client port, id = storagekitd [276]:41863.
2026-08-25 06:22:59.745 Df fskitd[2331:3c81] [com.apple.FSKit:default] About to grab assertion on pid 2337
2026-08-25 06:22:59.749 Db fskitd[2331:3c81] [com.apple.FSKit:default] +[FSBlockDeviceResource(Project) openWithBSDName:writable:auditToken:replyHandler:]:bsdName:<private>
2026-08-25 06:22:59.750 I  diskarbitrationd[126:3a8d] [com.apple.DiskArbitration.diskarbitrationd:default] storagekitd [276]:12059 -> diskarbitrationd [126]
2026-08-25 06:22:59.750 I  diskarbitrationd[126:3a8d] [com.apple.DiskArbitration.diskarbitrationd:default]   unregistered callback, id = 0000000000000005:0000000000000005.
2026-08-25 06:22:59.750 I  diskarbitrationd[126:3a8d] [com.apple.DiskArbitration.diskarbitrationd:default]   registered callback, id = 0000000000000005:0000000000000005, kind = idle.
2026-08-25 06:22:59.767 Db fskit_helper[2338:3c97] [com.apple.FSKit:default] FSKitHelper: listening
2026-08-25 06:22:59.768 Db com.apple.fskit.exfat[2337:3c90] [com.apple.FSKit:default] FSModule initial setup
2026-08-25 06:22:59.768 Df com.apple.fskit.exfat[2337:3c90] [com.apple.FSKit:default] Have delegate, class <private>
2026-08-25 06:22:59.768 I  com.apple.fskit.exfat[2337:3c90] [com.apple.FSKit:default] Got delegate '<private>' conformance N 0 S 1 Maintenance 1 URL 0 isConformantFS 1
2026-08-25 06:22:59.768 Df com.apple.fskit.exfat[2337:3c90] [com.apple.FSKit:default] file system extension backpointer loaded
2026-08-25 06:22:59.768 Db fskit_helper[2338:3c9a] [com.apple.FSKit:default] FSKitHelper:connection:accept
2026-08-25 06:22:59.769 I  fskit_helper[2338:3c9a] [com.apple.FSKit:default] FSKitHelper:message:processing:start
2026-08-25 06:22:59.769 I  fskit_helper[2338:3c9a] [com.apple.FSKit:default] FSKitHelper:message:processing:open:<private>:flags:0:uid:0:gid:0
2026-08-25 06:22:59.769 Df com.apple.fskit.exfat[2337:3c90] [com.apple.FSKit:default] -[FSModuleExtension didFinishLaunching]: Created FSMachPort = 11271
2026-08-25 06:22:59.770 I  fskit_helper[2338:3c9a] [com.apple.FSKit:default] FSKitHelper:message:processing:done
2026-08-25 06:22:59.770 Db fskitd[2331:3c81] [com.apple.FSKit:default] +[FSBlockDeviceResource(Project) openWithBSDName:writable:auditToken:replyHandler:]_block_invoke: created a block device resource sucessfully
2026-08-25 06:22:59.770 Db fskitd[2331:3c81] [com.apple.FSKit:default] +[FSBlockDeviceResource(Project) openWithBSDName:writable:auditToken:replyHandler:]: Setting dispatch queue (<private>) for notification port
2026-08-25 06:22:59.771 Db fskitd[2331:3c81] [com.apple.FSKit:default] +[FSBlockDeviceResource(Project) openWithBSDName:writable:auditToken:replyHandler:]: Added IOKit notification callback sucessfully
2026-08-25 06:22:59.771 Db fskitd[2331:3c81] [com.apple.FSKit:default] +[FSBlockDeviceResource(Project) openWithBSDName:writable:auditToken:replyHandler:]:end
2026-08-25 06:22:59.771 I  fskitd[2331:3c81] [com.apple.FSKit:default] openWith returned err (null) dev <private>
2026-08-25 06:22:59.771 Db fskitd[2331:3c81] [com.apple.FSKit:default] -[fskitdXPCServer getRealResource:auditToken:reply:]: Updating resource in resource manager <private>
2026-08-25 06:22:59.771 Db fskitd[2331:3c81] [com.apple.FSKit:default] -[FSResourceManager updateResource:]:start:<private>
2026-08-25 06:22:59.771 Db fskitd[2331:3c81] [com.apple.FSKit:default] -[FSResourceManager updateResource:]:end:<private>
2026-08-25 06:22:59.771 Df fskitd[2331:3c81] [com.apple.FSKit:default] About to get current agent for 501
2026-08-25 06:22:59.774 Df fskit_agent[2332:3c7d] [com.apple.FSKit:default] -[fskitAgentConnectionDelegate getNSXPCListenerEndpoint:instanceID:replyHandler:] looking for instance <private>, got <private>
2026-08-25 06:22:59.774 I  fskitd[2331:3c81] [com.apple.FSKit:default] About to call to fskit_agent
2026-08-25 06:22:59.775 Df fskit_agent[2332:3c7d] [com.apple.FSKit:default] Starting new connection, got conn <private> error (null)
2026-08-25 06:22:59.775 Df fskit_agent[2332:3c7d] [com.apple.FSKit:default] About to fetch endpoint
2026-08-25 06:22:59.775 Db com.apple.fskit.exfat[2337:3c99] [com.apple.FSKit:default] -[FSModuleExtension fskitdIsClient:]: connection application identifier (<private>)
2026-08-25 06:22:59.776 Df com.apple.fskit.exfat[2337:3c99] [com.apple.FSKit:default] -[FSModuleExtension(Project) shouldAcceptConnection:] returning YES
2026-08-25 06:22:59.776 Df com.apple.fskit.exfat[2337:3c99] [com.apple.FSKit:default] Set secondary listener up <private>
2026-08-25 06:22:59.776 Df com.apple.fskit.exfat[2337:3c99] [com.apple.FSKit:default] getModuleListenerEndpoint got listener <private>
2026-08-25 06:22:59.776 Df fskit_agent[2332:3c7d] [com.apple.FSKit:default] endpoint fetch got endpoint <private> error (null)
2026-08-25 06:22:59.776 Df fskitd[2331:3c7a] [com.apple.FSKit:default] Got ep <private> error (null)
2026-08-25 06:22:59.776 Df fskitd[2331:3c81] [com.apple.FSKit:default] non-ours instance connection got <private>
2026-08-25 06:22:59.777 Df fskitd[2331:3c81] [com.apple.FSKit:default] About to talk to the connection for <private>
2026-08-25 06:22:59.777 Db com.apple.fskit.exfat[2337:3c99] [com.apple.FSKit:default] -[FSModuleExtension fskitdIsClient:]: connection application identifier (<private>)
2026-08-25 06:22:59.777 Df com.apple.fskit.exfat[2337:3c99] [com.apple.FSKit:default] -[FSModuleExtension(Project) shouldAcceptConnection:] returning YES
2026-08-25 06:22:59.777 Df com.apple.fskit.exfat[2337:3c99] [com.apple.FSKit:default] FSModuleExtension.checkIn:extensionID:<private>
2026-08-25 06:22:59.777 Df com.apple.fskit.exfat[2337:3c99] [com.apple.FSKit:default] FSModuleExtension.checkIn returning (null)
2026-08-25 06:22:59.777 Db fskitd[2331:3c81] [com.apple.FSKit:default] -[FSResourceManager addResource:]:start:<private>
2026-08-25 06:22:59.778 Db fskitd[2331:3c81] [com.apple.FSKit:default] -[FSResourceManager addResource:]: Resource <private>, already exists
2026-08-25 06:22:59.778 Db fskitd[2331:3c81] [com.apple.FSKit:default] -[fskitdXPCServer getInitiatorBundleIDForToken:]:end:not:found
2026-08-25 06:22:59.778 Db fskitd[2331:3c81] [com.apple.FSKit:default] -[fskitdXPCServer getInitiatorSigningIDForToken:]: SecTaskCopySigningIdentifier:com.apple.diskarbitrationd
2026-08-25 06:22:59.778 Df com.apple.fskit.exfat[2337:3c99] [com.apple.FSKit:default] Successful dynamic cast of resource to bd. Got fd 3
2026-08-25 06:22:59.781 Df com.apple.fskit.exfat[2337:3c99] [com.apple.FSKit:default] readFirstSectorAndLog reading from 3 got rv 512 error (null)
2026-08-25 06:22:59.781 Df com.apple.fskit.exfat[2337:3c99] [com.apple.FSKit:default] Successful read, first characters 0000:0000
2026-08-25 06:22:59.782 Df com.apple.fskit.exfat[2337:3c99] [com.apple.FSKit:default] -[exfatFileSystem probeResource:replyHandler:]: device matches!
2026-08-25 06:22:59.782 Df com.apple.fskit.exfat[2337:3c99] [com.apple.FSKit:default] Returning <private>
2026-08-25 06:22:59.782 Db com.apple.fskit.exfat[2337:3c99] [com.apple.FSKit:default] -[FSModuleConnector sendCloseResource:]:start:resource(<private>)
2026-08-25 06:22:59.782 Db fskitd[2331:3c79] [com.apple.FSKit:default] -[fskitdExtensionClient closeResource:replyHandler:]:start:resource(<private>)
2026-08-25 06:22:59.783 Db com.apple.fskit.exfat[2337:3c99] [com.apple.FSKit:default] -[FSModuleConnector sendCloseResource:]:end
2026-08-25 06:22:59.782 Db fskitd[2331:3c79] [com.apple.FSKit:default] +[fskitdExtensionClient closeResource:andRevoke:]:start:resource:<private>
2026-08-25 06:22:59.782 Db fskitd[2331:3c79] [com.apple.FSKit:default] -[FSResourceManager removeResource:]:start:<private>
2026-08-25 06:22:59.783 Db fskitd[2331:3c79] [com.apple.FSKit:default] -[fskitdExtensionClient closeResource:replyHandler:]:end:resource(<private>)
2026-08-25 06:22:59.783 I  fskitd[2331:3c79] [com.apple.FSKit:default] Got task update id <private> state 3 purpose FSTaskProbe
2026-08-25 06:22:59.784 I  diskarbitrationd[126:3a8d] [com.apple.DiskArbitration.diskarbitrationd:default] fskitd [2331]:39807 -> diskarbitrationd [126]
2026-08-25 06:22:59.784 I  diskarbitrationd[126:3a8d] [com.apple.DiskArbitration.diskarbitrationd:default]   created session, id = fskitd [2331]:39807.
2026-08-25 06:22:59.784 I  diskarbitrationd[126:3a8d] [com.apple.DiskArbitration.diskarbitrationd:default]   set client port, id = fskitd [2331]:39807.
2026-08-25 06:22:59.784 Df diskarbitrationd[126:3a8d] [com.apple.DiskArbitration.diskarbitrationd:default]   fskitd [2331]:39807 queued solicitation, id = 0000000000000001:0000000000000001, kind = disk fskit additions changed, disk = /dev/disk4, options = 0x00000000.
2026-08-25 06:22:59.784 I  fskitd[2331:3c79] [com.apple.FSKit:default] Setup main DA session, <private>
2026-08-25 06:22:59.784 Db fskitd[2331:3c81] [com.apple.FSKit:default] -[fskitdXPCServer _probeResource:usingBundle:auditToken:replyHandler:]_block_invoke: Remove resourceID (<private>) from the FSModuleHost.defaultInstanceUUID instance
2026-08-25 06:22:59.784 Db fskitd[2331:3c81] [com.apple.FSKit:default] -[FSBlockDeviceResource releaseNotification]:released
2026-08-25 06:22:59.784 Df diskarbitrationd[126:1b69] [com.apple.DiskArbitration.diskarbitrationd:default] probed disk, id = /dev/disk4, with exfat_fskit, failure.
2026-08-25 06:22:59.784 I  diskarbitrationd[126:1b69] [com.apple.DiskArbitration.diskarbitrationd:default] unable to probe /dev/disk4 (status code 0x00000002).
2026-08-25 06:22:59.784 E  diskarbitrationd[126:1b69] [com.apple.DiskArbitration.diskarbitrationd:default] unable to probe /dev/disk4 (status code 0x00000002).
2026-08-25 06:22:59.785 Df diskarbitrationd[126:1b69] [com.apple.DiskArbitration.diskarbitrationd:default] probed disk, id = /dev/disk4, with msdos_fskit, ongoing.
2026-08-25 06:22:59.785 I  diskarbitrationd[126:3c9d] [com.apple.FSKit:default] FSClient setting up connection to fskitd
2026-08-25 06:22:59.785 Db fskitd[2331:3c7a] [com.apple.FSKit:default] -[liveFilesMountServiceDelegate listener:shouldAcceptNewConnection:]: start
2026-08-25 06:22:59.785 Df fskitd[2331:3c7a] [com.apple.FSKit:default] Incomming connection, entitled 1
2026-08-25 06:22:59.785 Db fskitd[2331:3c7a] [com.apple.FSKit:default] -[liveFilesMountServiceDelegate listener:shouldAcceptNewConnection:]: accepting connection
2026-08-25 06:22:59.785 Df fskitd[2331:3c7a] [com.apple.FSKit:default] Hello FSClient! entitlement yes
2026-08-25 06:22:59.785 Df diskarbitrationd[126:3c9d] [com.apple.FSKit:default] Setting remote protocol to all XPC
2026-08-25 06:22:59.786 I  fskitd[2331:3c7a] [com.apple.FSKit:default] Probe starting on <private>
2026-08-25 06:22:59.786 Db fskitd[2331:3c7a] [com.apple.FSKit:default] -[FSResourceManager getResourceState:]:not_found:<private>
2026-08-25 06:22:59.786 Db fskitd[2331:3c7a] [com.apple.FSKit:default] -[FSResourceManager addTaskUUID:resource:]:<private>: Adding task (<private>)
2026-08-25 06:22:59.786 Db fskitd[2331:3c7a] [com.apple.FSKit:default] applyResource starting with resource <private> kind 1
2026-08-25 06:22:59.786 I  fskit_agent[2332:3c7d] [com.apple.FSKit:default] Getting extensions
2026-08-25 06:22:59.786 Df fskitd[2331:3c7a] [com.apple.FSKit:default] About to get current agent for 501
2026-08-25 06:22:59.786 I  fskitd[2331:3c7a] [com.apple.FSKit:default] About to call to fskit_agent
2026-08-25 06:22:59.787 Db fskitd[2331:3c7a] [com.apple.FSKit:default] -[fskitdXPCServer getExtensionModuleFromID:forToken:]_block_invoke: Found extension <private>, attrs <private>
2026-08-25 06:22:59.787 Df fskitd[2331:3c7a] [com.apple.FSKit:default] About to get current agent for 501
2026-08-25 06:22:59.787 I  fskit_agent[2332:3c7d] [com.apple.FSKit:default] Starting startExtension:
2026-08-25 06:22:59.787 I  fskitd[2331:3c7a] [com.apple.FSKit:default] About to call to fskit_agent, bundle ID <private>, instanceUUID <private>
2026-08-25 06:22:59.788 I  fskit_agent[2332:3c7d] [com.apple.FSKit:default] About to start proc for instance uuid <private>, moduleID <private>
2026-08-25 06:22:59.813 Df fskitd[2331:3c7a] [com.apple.FSKit:default] About to grab assertion on pid 2339
2026-08-25 06:22:59.814 Db fskit_helper[2338:3c9c] [com.apple.FSKit:default] FSKitHelper:connection:accept
2026-08-25 06:22:59.813 Db fskitd[2331:3c7a] [com.apple.FSKit:default] +[FSBlockDeviceResource(Project) openWithBSDName:writable:auditToken:replyHandler:]:bsdName:<private>
2026-08-25 06:22:59.814 I  fskit_helper[2338:3c9c] [com.apple.FSKit:default] FSKitHelper:message:processing:start
2026-08-25 06:22:59.814 Db fskitd[2331:3c7a] [com.apple.FSKit:default] +[FSBlockDeviceResource(Project) openWithBSDName:writable:auditToken:replyHandler:]_block_invoke: created a block device resource sucessfully
2026-08-25 06:22:59.814 I  fskit_helper[2338:3c9c] [com.apple.FSKit:default] FSKitHelper:message:processing:open:<private>:flags:0:uid:0:gid:0
2026-08-25 06:22:59.814 Db fskitd[2331:3c7a] [com.apple.FSKit:default] +[FSBlockDeviceResource(Project) openWithBSDName:writable:auditToken:replyHandler:]: Setting dispatch queue (<private>) for notification port
2026-08-25 06:22:59.814 I  fskit_helper[2338:3c9c] [com.apple.FSKit:default] FSKitHelper:message:processing:done
2026-08-25 06:22:59.815 Db fskitd[2331:3c7a] [com.apple.FSKit:default] +[FSBlockDeviceResource(Project) openWithBSDName:writable:auditToken:replyHandler:]: Added IOKit notification callback sucessfully
2026-08-25 06:22:59.816 Db fskitd[2331:3c7a] [com.apple.FSKit:default] +[FSBlockDeviceResource(Project) openWithBSDName:writable:auditToken:replyHandler:]:end
2026-08-25 06:22:59.816 I  fskitd[2331:3c7a] [com.apple.FSKit:default] openWith returned err (null) dev <private>
2026-08-25 06:22:59.816 Db fskitd[2331:3c7a] [com.apple.FSKit:default] -[fskitdXPCServer getRealResource:auditToken:reply:]: Updating resource in resource manager <private>
2026-08-25 06:22:59.816 Db fskitd[2331:3c7a] [com.apple.FSKit:default] -[FSResourceManager updateResource:]:start:<private>
2026-08-25 06:22:59.816 Db fskitd[2331:3c7a] [com.apple.FSKit:default] -[FSResourceManager updateResource:]:end:<private>
2026-08-25 06:22:59.816 Df fskitd[2331:3c7a] [com.apple.FSKit:default] About to get current agent for 501
2026-08-25 06:22:59.816 I  fskitd[2331:3c7a] [com.apple.FSKit:default] About to call to fskit_agent
2026-08-25 06:22:59.817 Df fskit_agent[2332:3c7d] [com.apple.FSKit:default] -[fskitAgentConnectionDelegate getNSXPCListenerEndpoint:instanceID:replyHandler:] looking for instance <private>, got <private>
2026-08-25 06:22:59.817 Df fskit_agent[2332:3c7d] [com.apple.FSKit:default] Starting new connection, got conn <private> error (null)
2026-08-25 06:22:59.817 Df fskit_agent[2332:3c7d] [com.apple.FSKit:default] About to fetch endpoint
2026-08-25 06:22:59.844 Db com.apple.fskit.msdos[2339:3c9f] [com.apple.FSKit:default] FSModule initial setup
2026-08-25 06:22:59.844 Df com.apple.fskit.msdos[2339:3c9f] [com.apple.FSKit:default] Have delegate, class <private>
2026-08-25 06:22:59.844 I  com.apple.fskit.msdos[2339:3c9f] [com.apple.FSKit:default] Got delegate '<private>' conformance N 0 S 1 Maintenance 1 URL 0 isConformantFS 1
2026-08-25 06:22:59.844 Df com.apple.fskit.msdos[2339:3c9f] [com.apple.FSKit:default] file system extension backpointer loaded
2026-08-25 06:22:59.845 Df com.apple.fskit.msdos[2339:3c9f] [com.apple.FSKit:default] -[FSModuleExtension didFinishLaunching]: Created FSMachPort = 11527
2026-08-25 06:22:59.845 Db com.apple.fskit.msdos[2339:3ca2] [com.apple.FSKit:default] -[FSModuleExtension fskitdIsClient:]: connection application identifier (<private>)
2026-08-25 06:22:59.846 Df com.apple.fskit.msdos[2339:3ca2] [com.apple.FSKit:default] -[FSModuleExtension(Project) shouldAcceptConnection:] returning YES
2026-08-25 06:22:59.846 Df com.apple.fskit.msdos[2339:3ca2] [com.apple.FSKit:default] Set secondary listener up <private>
2026-08-25 06:22:59.846 Df com.apple.fskit.msdos[2339:3ca2] [com.apple.FSKit:default] getModuleListenerEndpoint got listener <private>
2026-08-25 06:22:59.846 Df fskit_agent[2332:3c7e] [com.apple.FSKit:default] endpoint fetch got endpoint <private> error (null)
2026-08-25 06:22:59.846 Df fskitd[2331:3c81] [com.apple.FSKit:default] Got ep <private> error (null)
2026-08-25 06:22:59.846 Df fskitd[2331:3c7a] [com.apple.FSKit:default] non-ours instance connection got <private>
2026-08-25 06:22:59.847 Df fskitd[2331:3c7a] [com.apple.FSKit:default] About to talk to the connection for <private>
2026-08-25 06:22:59.847 Db com.apple.fskit.msdos[2339:3ca2] [com.apple.FSKit:default] -[FSModuleExtension fskitdIsClient:]: connection application identifier (<private>)
2026-08-25 06:22:59.847 Df com.apple.fskit.msdos[2339:3ca2] [com.apple.FSKit:default] -[FSModuleExtension(Project) shouldAcceptConnection:] returning YES
2026-08-25 06:22:59.847 Df com.apple.fskit.msdos[2339:3ca2] [com.apple.FSKit:default] FSModuleExtension.checkIn:extensionID:<private>
2026-08-25 06:22:59.847 Df com.apple.fskit.msdos[2339:3ca2] [com.apple.FSKit:default] FSModuleExtension.checkIn returning (null)
2026-08-25 06:22:59.847 Db fskitd[2331:3c7a] [com.apple.FSKit:default] -[FSResourceManager addResource:]:start:<private>
2026-08-25 06:22:59.847 Db fskitd[2331:3c7a] [com.apple.FSKit:default] -[FSResourceManager addResource:]: Resource <private>, already exists
2026-08-25 06:22:59.848 Df com.apple.fskit.msdos[2339:3ca2] [com.apple.FSKit:default] Successful dynamic cast of resource to bd. Got fd 3
2026-08-25 06:22:59.847 Db fskitd[2331:3c7a] [com.apple.FSKit:default] -[fskitdXPCServer getInitiatorBundleIDForToken:]:end:not:found
2026-08-25 06:22:59.847 Db fskitd[2331:3c7a] [com.apple.FSKit:default] -[fskitdXPCServer getInitiatorSigningIDForToken:]: SecTaskCopySigningIdentifier:com.apple.diskarbitrationd
2026-08-25 06:22:59.848 Df com.apple.fskit.msdos[2339:3ca2] [com.apple.FSKit:default] readFirstSectorAndLog reading from 3 got rv 512 error (null)
2026-08-25 06:22:59.848 Df com.apple.fskit.msdos[2339:3ca2] [com.apple.FSKit:default] Successful read, first characters 0000:0000
2026-08-25 06:22:59.850 Df com.apple.fskit.msdos[2339:3ca2] [com.apple.FSKit:default] Returning <private>
2026-08-25 06:22:59.850 Db com.apple.fskit.msdos[2339:3ca2] [com.apple.FSKit:default] -[FSModuleConnector sendCloseResource:]:start:resource(<private>)
2026-08-25 06:22:59.851 Db fskitd[2331:3c79] [com.apple.FSKit:default] -[fskitdExtensionClient closeResource:replyHandler:]:start:resource(<private>)
2026-08-25 06:22:59.851 Db com.apple.fskit.msdos[2339:3ca2] [com.apple.FSKit:default] -[FSModuleConnector sendCloseResource:]:end
2026-08-25 06:22:59.851 Db fskitd[2331:3c79] [com.apple.FSKit:default] +[fskitdExtensionClient closeResource:andRevoke:]:start:resource:<private>
2026-08-25 06:22:59.851 Db fskitd[2331:3c79] [com.apple.FSKit:default] -[FSResourceManager removeResource:]:start:<private>
2026-08-25 06:22:59.851 Db fskitd[2331:3c79] [com.apple.FSKit:default] -[fskitdExtensionClient closeResource:replyHandler:]:end:resource(<private>)
2026-08-25 06:22:59.851 I  fskitd[2331:3c79] [com.apple.FSKit:default] Got task update id <private> state 3 purpose FSTaskProbe
2026-08-25 06:22:59.852 Df diskarbitrationd[126:1b69] [com.apple.DiskArbitration.diskarbitrationd:default]   fskitd [2331]:39807 queued solicitation, id = 0000000000000002:0000000000000002, kind = disk fskit additions changed, disk = /dev/disk4, options = 0x00000000.
2026-08-25 06:22:59.852 Db fskitd[2331:3c7a] [com.apple.FSKit:default] -[fskitdXPCServer _probeResource:usingBundle:auditToken:replyHandler:]_block_invoke: Remove resourceID (<private>) from the FSModuleHost.defaultInstanceUUID instance
2026-08-25 06:22:59.852 Db fskitd[2331:3c7a] [com.apple.FSKit:default] -[FSBlockDeviceResource releaseNotification]:released
2026-08-25 06:22:59.852 Df diskarbitrationd[126:1b69] [com.apple.DiskArbitration.diskarbitrationd:default] probed disk, id = /dev/disk4, with msdos_fskit, failure.
2026-08-25 06:22:59.852 I  diskarbitrationd[126:1b69] [com.apple.DiskArbitration.diskarbitrationd:default] unable to probe /dev/disk4 (status code 0x00000002).
2026-08-25 06:22:59.852 E  diskarbitrationd[126:1b69] [com.apple.DiskArbitration.diskarbitrationd:default] unable to probe /dev/disk4 (status code 0x00000002).
2026-08-25 06:22:59.853 I  diskarbitrationd[126:1b69] [com.apple.DiskArbitration.diskarbitrationd:default] diskarbitrationd [126] -> diskutil [310]:41503
2026-08-25 06:22:59.853 I  diskarbitrationd[126:1b69] [com.apple.DiskArbitration.diskarbitrationd:default]   dispatched callback, id = 0000000000000004:0000000000000004, kind = disk peek, disk = /dev/disk4.
2026-08-25 06:22:59.853 I  diskarbitrationd[126:1b69] [com.apple.DiskArbitration.diskarbitrationd:default]   dispatched callback queue.
2026-08-25 06:22:59.854 I  diskarbitrationd[126:1b69] [com.apple.DiskArbitration.diskarbitrationd:default] diskutil [310]:41503 -> diskarbitrationd [126]
2026-08-25 06:22:59.854 I  diskarbitrationd[126:1b69] [com.apple.DiskArbitration.diskarbitrationd:default]   dispatched response, id = 0000000000000004:0000000000000004, kind = disk peek, disk = /dev/disk4.
2026-08-25 06:22:59.854 I  diskarbitrationd[126:1b69] [com.apple.DiskArbitration.diskarbitrationd:default] diskarbitrationd [126] -> diskimages-helper [2323]:42927
2026-08-25 06:22:59.855 I  diskarbitrationd[126:1b69] [com.apple.DiskArbitration.diskarbitrationd:default]   dispatched callback, id = 0000000000000002:0000000000000002, kind = disk peek, disk = /dev/disk4.
2026-08-25 06:22:59.855 I  diskarbitrationd[126:1b69] [com.apple.DiskArbitration.diskarbitrationd:default]   dispatched callback queue.
2026-08-25 06:22:59.859 Df diskarbitrationd[126:1b69] [com.apple.DiskArbitration.diskarbitrationd:default]   diskimages-helper [2323]:42927 queued solicitation, id = 0000000000000005:0000000000000005, kind = disk claim, disk = /dev/disk4, options = 0x00000000.
2026-08-25 06:22:59.861 I  diskarbitrationd[126:1b69] [com.apple.DiskArbitration.diskarbitrationd:default] diskimages-helper [2323]:42927 -> diskarbitrationd [126]
2026-08-25 06:22:59.861 I  diskarbitrationd[126:1b69] [com.apple.DiskArbitration.diskarbitrationd:default]   dispatched response, id = 0000000000000002:0000000000000002, kind = disk peek, disk = /dev/disk4.
2026-08-25 06:22:59.861 I  diskarbitrationd[126:1b69] [com.apple.DiskArbitration.diskarbitrationd:default] diskarbitrationd [126] -> SystemUIServer [489]:7435
2026-08-25 06:22:59.861 I  diskarbitrationd[126:1b69] [com.apple.DiskArbitration.diskarbitrationd:default]   dispatched callback, id = 0000000000000007:0000000000000007, kind = disk peek, disk = /dev/disk4.
2026-08-25 06:22:59.862 I  diskarbitrationd[126:1b69] [com.apple.DiskArbitration.diskarbitrationd:default]   dispatched callback queue.
2026-08-25 06:22:59.864 I  diskarbitrationd[126:1b69] [com.apple.DiskArbitration.diskarbitrationd:default] SystemUIServer [489]:7435 -> diskarbitrationd [126]
2026-08-25 06:22:59.864 I  diskarbitrationd[126:1b69] [com.apple.DiskArbitration.diskarbitrationd:default]   dispatched response, id = 0000000000000007:0000000000000007, kind = disk peek, disk = /dev/disk4.
2026-08-25 06:22:59.864 I  diskarbitrationd[126:1b69] [com.apple.DiskArbitration.diskarbitrationd:default] diskarbitrationd [126] -> apfsd [192]:19823
2026-08-25 06:22:59.864 I  diskarbitrationd[126:1b69] [com.apple.DiskArbitration.diskarbitrationd:default]   dispatched callback, id = 0000000000000003:0000000000000003, kind = disk appeared, disk = /dev/disk4.
2026-08-25 06:22:59.864 I  diskarbitrationd[126:1b69] [com.apple.DiskArbitration.diskarbitrationd:default] diskarbitrationd [126] -> storagekitd [276]:12059
2026-08-25 06:22:59.864 I  diskarbitrationd[126:1b69] [com.apple.DiskArbitration.diskarbitrationd:default]   dispatched callback, id = 0000000000000004:0000000000000004, kind = disk appeared, disk = /dev/disk4.
2026-08-25 06:22:59.865 I  diskarbitrationd[126:1b69] [com.apple.DiskArbitration.diskarbitrationd:default] diskarbitrationd [126] -> loginwindow [167]:42515
2026-08-25 06:22:59.865 I  diskarbitrationd[126:1b69] [com.apple.DiskArbitration.diskarbitrationd:default]   dispatched callback, id = 0000000000000001:0000000000000001, kind = disk appeared, disk = /dev/disk4.
2026-08-25 06:22:59.865 I  diskarbitrationd[126:1b69] [com.apple.DiskArbitration.diskarbitrationd:default] diskarbitrationd [126] -> diskutil [310]:41503
2026-08-25 06:22:59.865 I  diskarbitrationd[126:1b69] [com.apple.DiskArbitration.diskarbitrationd:default]   dispatched callback, id = 0000000000000001:0000000000000001, kind = disk appeared, disk = /dev/disk4.
2026-08-25 06:22:59.865 I  diskarbitrationd[126:1b69] [com.apple.DiskArbitration.diskarbitrationd:default] diskarbitrationd [126] -> SystemUIServer [489]:7435
2026-08-25 06:22:59.865 I  diskarbitrationd[126:1b69] [com.apple.DiskArbitration.diskarbitrationd:default]   dispatched callback, id = 0000000000000001:0000000000000001, kind = disk appeared, disk = /dev/disk4.
2026-08-25 06:22:59.865 I  diskarbitrationd[126:1b69] [com.apple.DiskArbitration.diskarbitrationd:default] diskarbitrationd [126] -> WindowManager [484]:1575
2026-08-25 06:22:59.865 I  diskarbitrationd[126:1b69] [com.apple.DiskArbitration.diskarbitrationd:default]   dispatched callback, id = 0000000000000001:0000000000000001, kind = disk appeared, disk = /dev/disk4.
2026-08-25 06:22:59.865 I  diskarbitrationd[126:1b69] [com.apple.DiskArbitration.diskarbitrationd:default] diskarbitrationd [126] -> SystemUIServer [489]:62227
2026-08-25 06:22:59.865 I  diskarbitrationd[126:1b69] [com.apple.DiskArbitration.diskarbitrationd:default]   dispatched callback, id = 0000000000000001:0000000000000001, kind = disk appeared, disk = /dev/disk4.
2026-08-25 06:22:59.865 I  diskarbitrationd[126:1b69] [com.apple.DiskArbitration.diskarbitrationd:default] diskarbitrationd [126] -> CoreServicesUIAgent [480]:46851
2026-08-25 06:22:59.865 I  diskarbitrationd[126:1b69] [com.apple.DiskArbitration.diskarbitrationd:default]   dispatched callback, id = 0000000000000001:0000000000000001, kind = disk appeared, disk = /dev/disk4.
2026-08-25 06:22:59.865 I  diskarbitrationd[126:1b69] [com.apple.DiskArbitration.diskarbitrationd:default] diskarbitrationd [126] -> filecoordinationd [497]:60675
2026-08-25 06:22:59.865 I  diskarbitrationd[126:1b69] [com.apple.DiskArbitration.diskarbitrationd:default]   dispatched callback, id = 0000000000000001:0000000000000001, kind = disk appeared, disk = /dev/disk4.
2026-08-25 06:22:59.866 I  diskarbitrationd[126:1b69] [com.apple.DiskArbitration.diskarbitrationd:default] diskarbitrationd [126] -> Finder [490]:59931
2026-08-25 06:22:59.866 I  diskarbitrationd[126:1b69] [com.apple.DiskArbitration.diskarbitrationd:default]   dispatched callback, id = 0000000000000001:0000000000000001, kind = disk appeared, disk = /dev/disk4.
2026-08-25 06:22:59.866 I  diskarbitrationd[126:1b69] [com.apple.DiskArbitration.diskarbitrationd:default] diskarbitrationd [126] -> sharedfilelistd [514]:58371
2026-08-25 06:22:59.866 I  diskarbitrationd[126:1b69] [com.apple.DiskArbitration.diskarbitrationd:default]   dispatched callback, id = 0000000000000001:0000000000000001, kind = disk appeared, disk = /dev/disk4.
2026-08-25 06:22:59.866 I  diskarbitrationd[126:1b69] [com.apple.DiskArbitration.diskarbitrationd:default] diskarbitrationd [126] -> ControlCenter [487]:48899
2026-08-25 06:22:59.866 I  diskarbitrationd[126:1b69] [com.apple.DiskArbitration.diskarbitrationd:default]   dispatched callback, id = 0000000000000001:0000000000000001, kind = disk appeared, disk = /dev/disk4.
2026-08-25 06:22:59.866 I  diskarbitrationd[126:1b69] [com.apple.DiskArbitration.diskarbitrationd:default] diskarbitrationd [126] -> WallpaperAgent [499]:57859
2026-08-25 06:22:59.866 I  diskarbitrationd[126:1b69] [com.apple.DiskArbitration.diskarbitrationd:default]   dispatched callback, id = 0000000000000001:0000000000000001, kind = disk appeared, disk = /dev/disk4.
2026-08-25 06:22:59.866 I  diskarbitrationd[126:1b69] [com.apple.DiskArbitration.diskarbitrationd:default] diskarbitrationd [126] -> fontd [536]:57347
2026-08-25 06:22:59.866 I  diskarbitrationd[126:1b69] [com.apple.DiskArbitration.diskarbitrationd:default]   dispatched callback, id = 0000000000000001:0000000000000001, kind = disk appeared, disk = /dev/disk4.
2026-08-25 06:22:59.866 I  diskarbitrationd[126:1b69] [com.apple.DiskArbitration.diskarbitrationd:default] diskarbitrationd [126] -> APFSUserAgent [524]:56835
2026-08-25 06:22:59.866 I  diskarbitrationd[126:1b69] [com.apple.DiskArbitration.diskarbitrationd:default]   dispatched callback, id = 0000000000000001:0000000000000001, kind = disk appeared, disk = /dev/disk4.
2026-08-25 06:22:59.866 I  diskarbitrationd[126:1b69] [com.apple.DiskArbitration.diskarbitrationd:default] diskarbitrationd [126] -> QuickLookUIService [502]:56579
2026-08-25 06:22:59.866 I  diskarbitrationd[126:1b69] [com.apple.DiskArbitration.diskarbitrationd:default]   dispatched callback, id = 0000000000000001:0000000000000001, kind = disk appeared, disk = /dev/disk4.
2026-08-25 06:22:59.866 I  diskarbitrationd[126:1b69] [com.apple.DiskArbitration.diskarbitrationd:default] diskarbitrationd [126] -> imklaunchagent [547]:56067
2026-08-25 06:22:59.866 I  diskarbitrationd[126:1b69] [com.apple.DiskArbitration.diskarbitrationd:default]   dispatched callback, id = 0000000000000001:0000000000000001, kind = disk appeared, disk = /dev/disk4.
2026-08-25 06:22:59.866 I  diskarbitrationd[126:1b69] [com.apple.DiskArbitration.diskarbitrationd:default] diskarbitrationd [126] -> CoreLocationAgent [505]:55555
2026-08-25 06:22:59.866 I  diskarbitrationd[126:1b69] [com.apple.DiskArbitration.diskarbitrationd:default]   dispatched callback, id = 0000000000000001:0000000000000001, kind = disk appeared, disk = /dev/disk4.
2026-08-25 06:22:59.866 I  diskarbitrationd[126:1b69] [com.apple.DiskArbitration.diskarbitrationd:default] diskarbitrationd [126] -> NotificationCenter [566]:50691
2026-08-25 06:22:59.866 I  diskarbitrationd[126:1b69] [com.apple.DiskArbitration.diskarbitrationd:default]   dispatched callback, id = 0000000000000001:0000000000000001, kind = disk appeared, disk = /dev/disk4.
2026-08-25 06:22:59.866 I  diskarbitrationd[126:1b69] [com.apple.DiskArbitration.diskarbitrationd:default] diskarbitrationd [126] -> AppSSOAgent [583]:51203
2026-08-25 06:22:59.866 I  diskarbitrationd[126:1b69] [com.apple.DiskArbitration.diskarbitrationd:default]   dispatched callback, id = 0000000000000001:0000000000000001, kind = disk appeared, disk = /dev/disk4.
2026-08-25 06:22:59.866 I  diskarbitrationd[126:1b69] [com.apple.DiskArbitration.diskarbitrationd:default] diskarbitrationd [126] -> CarbonComponentScannerXPC [546]:55043
2026-08-25 06:22:59.866 I  diskarbitrationd[126:1b69] [com.apple.DiskArbitration.diskarbitrationd:default]   dispatched callback, id = 0000000000000001:0000000000000001, kind = disk appeared, disk = /dev/disk4.
2026-08-25 06:22:59.866 I  diskarbitrationd[126:1b69] [com.apple.DiskArbitration.diskarbitrationd:default] diskarbitrationd [126] -> sharingd [563]:54531
2026-08-25 06:22:59.866 I  diskarbitrationd[126:1b69] [com.apple.DiskArbitration.diskarbitrationd:default]   dispatched callback, id = 0000000000000001:0000000000000001, kind = disk appeared, disk = /dev/disk4.
2026-08-25 06:22:59.866 I  diskarbitrationd[126:1b69] [com.apple.DiskArbitration.diskarbitrationd:default] diskarbitrationd [126] -> FinderExtension [541]:51971
2026-08-25 06:22:59.866 I  diskarbitrationd[126:1b69] [com.apple.DiskArbitration.diskarbitrationd:default]   dispatched callback, id = 0000000000000001:0000000000000001, kind = disk appeared, disk = /dev/disk4.
2026-08-25 06:22:59.866 I  diskarbitrationd[126:1b69] [com.apple.DiskArbitration.diskarbitrationd:default] diskarbitrationd [126] -> WPSFinderMenu [607]:53763
2026-08-25 06:22:59.866 I  diskarbitrationd[126:1b69] [com.apple.DiskArbitration.diskarbitrationd:default]   dispatched callback, id = 0000000000000001:0000000000000001, kind = disk appeared, disk = /dev/disk4.
2026-08-25 06:22:59.866 I  diskarbitrationd[126:1b69] [com.apple.DiskArbitration.diskarbitrationd:default] diskarbitrationd [126] -> iMenuExtension [609]:54019
2026-08-25 06:22:59.866 I  diskarbitrationd[126:1b69] [com.apple.DiskArbitration.diskarbitrationd:default]   dispatched callback, id = 0000000000000001:0000000000000001, kind = disk appeared, disk = /dev/disk4.
2026-08-25 06:22:59.866 I  diskarbitrationd[126:1b69] [com.apple.DiskArbitration.diskarbitrationd:default] diskarbitrationd [126] -> Finder [490]:86531
2026-08-25 06:22:59.866 I  diskarbitrationd[126:1b69] [com.apple.DiskArbitration.diskarbitrationd:default]   dispatched callback, id = 0000000000000001:0000000000000001, kind = disk appeared, disk = /dev/disk4.
2026-08-25 06:22:59.866 I  diskarbitrationd[126:1b69] [com.apple.DiskArbitration.diskarbitrationd:default] diskarbitrationd [126] -> iMenuExtension [609]:66307
2026-08-25 06:22:59.866 I  diskarbitrationd[126:1b69] [com.apple.DiskArbitration.diskarbitrationd:default]   dispatched callback, id = 0000000000000001:0000000000000001, kind = disk appeared, disk = /dev/disk4.
2026-08-25 06:22:59.866 I  diskarbitrationd[126:1b69] [com.apple.DiskArbitration.diskarbitrationd:default] diskarbitrationd [126] -> Finder [490]:59147
2026-08-25 06:22:59.867 I  diskarbitrationd[126:1b69] [com.apple.DiskArbitration.diskarbitrationd:default]   dispatched callback, id = 0000000000000001:0000000000000001, kind = disk appeared, disk = /dev/disk4.
2026-08-25 06:22:59.867 I  diskarbitrationd[126:1b69] [com.apple.DiskArbitration.diskarbitrationd:default] diskarbitrationd [126] -> AirPlayUIAgent [635]:66563
2026-08-25 06:22:59.867 I  diskarbitrationd[126:1b69] [com.apple.DiskArbitration.diskarbitrationd:default]   dispatched callback, id = 0000000000000001:0000000000000001, kind = disk appeared, disk = /dev/disk4.
2026-08-25 06:22:59.867 I  diskarbitrationd[126:1b69] [com.apple.DiskArbitration.diskarbitrationd:default] diskarbitrationd [126] -> TextInputMenuAgent [639]:85251
2026-08-25 06:22:59.867 I  diskarbitrationd[126:1b69] [com.apple.DiskArbitration.diskarbitrationd:default]   dispatched callback, id = 0000000000000001:0000000000000001, kind = disk appeared, disk = /dev/disk4.
2026-08-25 06:22:59.867 I  diskarbitrationd[126:1b69] [com.apple.DiskArbitration.diskarbitrationd:default] diskarbitrationd [126] -> Siri [629]:84995
2026-08-25 06:22:59.867 I  diskarbitrationd[126:1b69] [com.apple.DiskArbitration.diskarbitrationd:default]   dispatched callback, id = 0000000000000001:0000000000000001, kind = disk appeared, disk = /dev/disk4.
2026-08-25 06:22:59.867 I  diskarbitrationd[126:1b69] [com.apple.DiskArbitration.diskarbitrationd:default] diskarbitrationd [126] -> Siri [629]:67331
2026-08-25 06:22:59.867 I  diskarbitrationd[126:1b69] [com.apple.DiskArbitration.diskarbitrationd:default]   dispatched callback, id = 0000000000000001:0000000000000001, kind = disk appeared, disk = /dev/disk4.
2026-08-25 06:22:59.867 I  diskarbitrationd[126:1b69] [com.apple.DiskArbitration.diskarbitrationd:default] diskarbitrationd [126] -> PAH_Extension [656]:67587
2026-08-25 06:22:59.867 I  diskarbitrationd[126:1b69] [com.apple.DiskArbitration.diskarbitrationd:default]   dispatched callback, id = 0000000000000001:0000000000000001, kind = disk appeared, disk = /dev/disk4.
2026-08-25 06:22:59.867 I  diskarbitrationd[126:1b69] [com.apple.DiskArbitration.diskarbitrationd:default] diskarbitrationd [126] -> icdd [630]:84227
2026-08-25 06:22:59.867 I  diskarbitrationd[126:1b69] [com.apple.DiskArbitration.diskarbitrationd:default]   dispatched callback, id = 0000000000000001:0000000000000001, kind = disk appeared, disk = /dev/disk4.
2026-08-25 06:22:59.867 I  diskarbitrationd[126:1b69] [com.apple.DiskArbitration.diskarbitrationd:default] diskarbitrationd [126] -> wpslaunchhelper [618]:83463
2026-08-25 06:22:59.867 I  diskarbitrationd[126:1b69] [com.apple.DiskArbitration.diskarbitrationd:default]   dispatched callback, id = 0000000000000001:0000000000000001, kind = disk appeared, disk = /dev/disk4.
2026-08-25 06:22:59.867 I  diskarbitrationd[126:1b69] [com.apple.DiskArbitration.diskarbitrationd:default] diskarbitrationd [126] -> iMenu [689]:83203
2026-08-25 06:22:59.867 I  diskarbitrationd[126:1b69] [com.apple.DiskArbitration.diskarbitrationd:default]   dispatched callback, id = 0000000000000001:0000000000000001, kind = disk appeared, disk = /dev/disk4.
2026-08-25 06:22:59.867 I  diskarbitrationd[126:1b69] [com.apple.DiskArbitration.diskarbitrationd:default] diskarbitrationd [126] -> Raycast [669]:81923
2026-08-25 06:22:59.867 I  diskarbitrationd[126:1b69] [com.apple.DiskArbitration.diskarbitrationd:default]   dispatched callback, id = 0000000000000001:0000000000000001, kind = disk appeared, disk = /dev/disk4.
2026-08-25 06:22:59.867 I  diskarbitrationd[126:1b69] [com.apple.DiskArbitration.diskarbitrationd:default] diskarbitrationd [126] -> Ëµ§ÂèãNTFSÂä©Êâã [690]:81411
2026-08-25 06:22:59.867 I  diskarbitrationd[126:1b69] [com.apple.DiskArbitration.diskarbitrationd:default]   dispatched callback, id = 0000000000000001:0000000000000001, kind = disk appeared, disk = /dev/disk4.
2026-08-25 06:22:59.868 I  diskarbitrationd[126:1b69] [com.apple.DiskArbitration.diskarbitrationd:default] diskarbitrationd [126] -> Strongbox [703]:81159
2026-08-25 06:22:59.868 I  diskarbitrationd[126:1b69] [com.apple.DiskArbitration.diskarbitrationd:default]   dispatched callback, id = 0000000000000001:0000000000000001, kind = disk appeared, disk = /dev/disk4.
2026-08-25 06:22:59.868 I  diskarbitrationd[126:1b69] [com.apple.DiskArbitration.diskarbitrationd:default] diskarbitrationd [126] -> Strongbox [703]:81707
2026-08-25 06:22:59.868 I  diskarbitrationd[126:1b69] [com.apple.DiskArbitration.diskarbitrationd:default]   dispatched callback, id = 0000000000000001:0000000000000001, kind = disk appeared, disk = /dev/disk4.
2026-08-25 06:22:59.868 I  diskarbitrationd[126:1b69] [com.apple.DiskArbitration.diskarbitrationd:default] diskarbitrationd [126] -> One Switch [726]:37895
2026-08-25 06:22:59.868 I  diskarbitrationd[126:1b69] [com.apple.DiskArbitration.diskarbitrationd:default]   dispatched callback, id = 0000000000000001:0000000000000001, kind = disk appeared, disk = /dev/disk4.
2026-08-25 06:22:59.868 I  diskarbitrationd[126:1b69] [com.apple.DiskArbitration.diskarbitrationd:default] diskarbitrationd [126] -> AppSSODaemon [586]:68415
2026-08-25 06:22:59.868 I  diskarbitrationd[126:1b69] [com.apple.DiskArbitration.diskarbitrationd:default]   dispatched callback, id = 0000000000000001:0000000000000001, kind = disk appeared, disk = /dev/disk4.
2026-08-25 06:22:59.868 I  diskarbitrationd[126:1b69] [com.apple.DiskArbitration.diskarbitrationd:default] diskarbitrationd [126] -> SiriNCService [1964]:46099
2026-08-25 06:22:59.868 I  diskarbitrationd[126:1b69] [com.apple.DiskArbitration.diskarbitrationd:default]   dispatched callback, id = 0000000000000001:0000000000000001, kind = disk appeared, disk = /dev/disk4.
2026-08-25 06:22:59.868 I  diskarbitrationd[126:1b69] [com.apple.DiskArbitration.diskarbitrationd:default] diskarbitrationd [126] -> hdiejectd [2315]:66107
2026-08-25 06:22:59.868 I  diskarbitrationd[126:1b69] [com.apple.DiskArbitration.diskarbitrationd:default]   dispatched callback, id = 0000000000000001:0000000000000001, kind = disk appeared, disk = /dev/disk4.
2026-08-25 06:22:59.868 I  diskarbitrationd[126:1b69] [com.apple.DiskArbitration.diskarbitrationd:default] diskarbitrationd [126] -> diskimages-helper [2323]:42927
2026-08-25 06:22:59.868 I  diskarbitrationd[126:1b69] [com.apple.DiskArbitration.diskarbitrationd:default]   dispatched callback, id = 0000000000000001:0000000000000001, kind = disk appeared, disk = /dev/disk4.
2026-08-25 06:22:59.868 I  diskarbitrationd[126:1b69] [com.apple.DiskArbitration.diskarbitrationd:default] diskarbitrationd [126] -> fskitd [2331]:39807
2026-08-25 06:22:59.868 I  diskarbitrationd[126:1b69] [com.apple.DiskArbitration.diskarbitrationd:default]   dispatched callback, id = 0000000000000001:0000000000000001, kind = disk fskit additions changed, disk = /dev/disk4, success.
2026-08-25 06:22:59.868 I  diskarbitrationd[126:1b69] [com.apple.DiskArbitration.diskarbitrationd:default]   dispatched callback, id = 0000000000000002:0000000000000002, kind = disk fskit additions changed, disk = /dev/disk4, success.
2026-08-25 06:22:59.869 Df diskarbitrationd[126:1b69] [com.apple.DiskArbitration.diskarbitrationd:default] claimed disk, id = /dev/disk4, success.
2026-08-25 06:22:59.869 I  diskarbitrationd[126:1b69] [com.apple.DiskArbitration.diskarbitrationd:default] diskarbitrationd [126] -> diskimages-helper [2323]:42927
2026-08-25 06:22:59.869 I  diskarbitrationd[126:1b69] [com.apple.DiskArbitration.diskarbitrationd:default]   dispatched callback, id = 0000000000000005:0000000000000005, kind = disk claim, disk = /dev/disk4, success.
2026-08-25 06:22:59.869 I  diskarbitrationd[126:1b69] [com.apple.DiskArbitration.diskarbitrationd:default] diskarbitrationd [126] -> loginwindow [167]:42515
2026-08-25 06:22:59.869 I  diskarbitrationd[126:1b69] [com.apple.DiskArbitration.diskarbitrationd:default]   dispatched callback queue.
2026-08-25 06:22:59.869 I  diskarbitrationd[126:1b69] [com.apple.DiskArbitration.diskarbitrationd:default] diskarbitrationd [126] -> WindowManager [484]:1575
2026-08-25 06:22:59.869 I  diskarbitrationd[126:1b69] [com.apple.DiskArbitration.diskarbitrationd:default]   dispatched callback queue.
2026-08-25 06:22:59.869 I  diskarbitrationd[126:1b69] [com.apple.DiskArbitration.diskarbitrationd:default] diskarbitrationd [126] -> SystemUIServer [489]:62227
2026-08-25 06:22:59.869 I  diskarbitrationd[126:1b69] [com.apple.DiskArbitration.diskarbitrationd:default]   dispatched callback queue.
2026-08-25 06:22:59.869 I  diskarbitrationd[126:1b69] [com.apple.DiskArbitration.diskarbitrationd:default] diskarbitrationd [126] -> CoreServicesUIAgent [480]:46851
2026-08-25 06:22:59.869 I  diskarbitrationd[126:1b69] [com.apple.DiskArbitration.diskarbitrationd:default]   dispatched callback queue.
2026-08-25 06:22:59.869 I  diskarbitrationd[126:1b69] [com.apple.DiskArbitration.diskarbitrationd:default] diskarbitrationd [126] -> filecoordinationd [497]:60675
2026-08-25 06:22:59.869 I  diskarbitrationd[126:1b69] [com.apple.DiskArbitration.diskarbitrationd:default]   dispatched callback queue.
2026-08-25 06:22:59.869 I  diskarbitrationd[126:1b69] [com.apple.DiskArbitration.diskarbitrationd:default] diskarbitrationd [126] -> Finder [490]:59931
2026-08-25 06:22:59.869 I  diskarbitrationd[126:1b69] [com.apple.DiskArbitration.diskarbitrationd:default]   dispatched callback queue.
2026-08-25 06:22:59.869 I  diskarbitrationd[126:1b69] [com.apple.DiskArbitration.diskarbitrationd:default] diskarbitrationd [126] -> ControlCenter [487]:48899
2026-08-25 06:22:59.869 I  diskarbitrationd[126:1b69] [com.apple.DiskArbitration.diskarbitrationd:default]   dispatched callback queue.
2026-08-25 06:22:59.869 I  diskarbitrationd[126:1b69] [com.apple.DiskArbitration.diskarbitrationd:default] diskarbitrationd [126] -> sharedfilelistd [514]:58371
2026-08-25 06:22:59.869 I  diskarbitrationd[126:1b69] [com.apple.DiskArbitration.diskarbitrationd:default]   dispatched callback queue.
2026-08-25 06:22:59.869 I  diskarbitrationd[126:1b69] [com.apple.DiskArbitration.diskarbitrationd:default] diskarbitrationd [126] -> WallpaperAgent [499]:57859
2026-08-25 06:22:59.869 I  diskarbitrationd[126:1b69] [com.apple.DiskArbitration.diskarbitrationd:default]   dispatched callback queue.
2026-08-25 06:22:59.870 I  diskarbitrationd[126:1b69] [com.apple.DiskArbitration.diskarbitrationd:default] diskarbitrationd [126] -> imklaunchagent [547]:56067
2026-08-25 06:22:59.870 I  diskarbitrationd[126:1b69] [com.apple.DiskArbitration.diskarbitrationd:default]   dispatched callback queue.
2026-08-25 06:22:59.870 I  diskarbitrationd[126:1b69] [com.apple.DiskArbitration.diskarbitrationd:default] diskarbitrationd [126] -> CoreLocationAgent [505]:55555
2026-08-25 06:22:59.870 I  diskarbitrationd[126:1b69] [com.apple.DiskArbitration.diskarbitrationd:default]   dispatched callback queue.
2026-08-25 06:22:59.870 I  diskarbitrationd[126:1b69] [com.apple.DiskArbitration.diskarbitrationd:default] diskarbitrationd [126] -> fontd [536]:57347
2026-08-25 06:22:59.870 I  diskarbitrationd[126:1b69] [com.apple.DiskArbitration.diskarbitrationd:default]   dispatched callback queue.
2026-08-25 06:22:59.870 I  diskarbitrationd[126:1b69] [com.apple.DiskArbitration.diskarbitrationd:default] diskarbitrationd [126] -> NotificationCenter [566]:50691
2026-08-25 06:22:59.870 I  diskarbitrationd[126:1b69] [com.apple.DiskArbitration.diskarbitrationd:default]   dispatched callback queue.
2026-08-25 06:22:59.870 I  diskarbitrationd[126:1b69] [com.apple.DiskArbitration.diskarbitrationd:default] diskarbitrationd [126] -> AppSSOAgent [583]:51203
2026-08-25 06:22:59.870 I  diskarbitrationd[126:1b69] [com.apple.DiskArbitration.diskarbitrationd:default]   dispatched callback queue.
2026-08-25 06:22:59.870 I  diskarbitrationd[126:1b69] [com.apple.DiskArbitration.diskarbitrationd:default] diskarbitrationd [126] -> QuickLookUIService [502]:56579
2026-08-25 06:22:59.870 I  diskarbitrationd[126:1b69] [com.apple.DiskArbitration.diskarbitrationd:default]   dispatched callback queue.
2026-08-25 06:22:59.870 I  diskarbitrationd[126:1b69] [com.apple.DiskArbitration.diskarbitrationd:default] diskarbitrationd [126] -> sharingd [563]:54531
2026-08-25 06:22:59.870 I  diskarbitrationd[126:1b69] [com.apple.DiskArbitration.diskarbitrationd:default]   dispatched callback queue.
2026-08-25 06:22:59.870 I  diskarbitrationd[126:1b69] [com.apple.DiskArbitration.diskarbitrationd:default] diskarbitrationd [126] -> FinderExtension [541]:51971
2026-08-25 06:22:59.870 I  diskarbitrationd[126:1b69] [com.apple.DiskArbitration.diskarbitrationd:default]   dispatched callback queue.
2026-08-25 06:22:59.870 I  diskarbitrationd[126:1b69] [com.apple.DiskArbitration.diskarbitrationd:default] diskarbitrationd [126] -> WPSFinderMenu [607]:53763
2026-08-25 06:22:59.870 I  diskarbitrationd[126:1b69] [com.apple.DiskArbitration.diskarbitrationd:default]   dispatched callback queue.
2026-08-25 06:22:59.871 I  diskarbitrationd[126:1b69] [com.apple.DiskArbitration.diskarbitrationd:default] diskarbitrationd [126] -> iMenuExtension [609]:54019
2026-08-25 06:22:59.871 I  diskarbitrationd[126:1b69] [com.apple.DiskArbitration.diskarbitrationd:default]   dispatched callback queue.
2026-08-25 06:22:59.871 I  diskarbitrationd[126:1b69] [com.apple.DiskArbitration.diskarbitrationd:default] diskarbitrationd [126] -> Finder [490]:86531
2026-08-25 06:22:59.871 I  diskarbitrationd[126:1b69] [com.apple.DiskArbitration.diskarbitrationd:default]   dispatched callback queue.
2026-08-25 06:22:59.871 I  diskarbitrationd[126:1b69] [com.apple.DiskArbitration.diskarbitrationd:default] diskarbitrationd [126] -> CarbonComponentScannerXPC [546]:55043
2026-08-25 06:22:59.871 I  diskarbitrationd[126:1b69] [com.apple.DiskArbitration.diskarbitrationd:default]   dispatched callback queue.
2026-08-25 06:22:59.871 I  diskarbitrationd[126:1b69] [com.apple.DiskArbitration.diskarbitrationd:default] diskarbitrationd [126] -> iMenuExtension [609]:66307
2026-08-25 06:22:59.871 I  diskarbitrationd[126:1b69] [com.apple.DiskArbitration.diskarbitrationd:default]   dispatched callback queue.
2026-08-25 06:22:59.871 I  diskarbitrationd[126:1b69] [com.apple.DiskArbitration.diskarbitrationd:default] diskarbitrationd [126] -> Finder [490]:59147
2026-08-25 06:22:59.871 I  diskarbitrationd[126:1b69] [com.apple.DiskArbitration.diskarbitrationd:default]   dispatched callback queue.
2026-08-25 06:22:59.871 I  diskarbitrationd[126:1b69] [com.apple.DiskArbitration.diskarbitrationd:default] diskarbitrationd [126] -> AirPlayUIAgent [635]:66563
2026-08-25 06:22:59.872 I  diskarbitrationd[126:1b69] [com.apple.DiskArbitration.diskarbitrationd:default]   dispatched callback queue.
2026-08-25 06:22:59.872 I  diskarbitrationd[126:1b69] [com.apple.DiskArbitration.diskarbitrationd:default] diskarbitrationd [126] -> TextInputMenuAgent [639]:85251
2026-08-25 06:22:59.872 I  diskarbitrationd[126:1b69] [com.apple.DiskArbitration.diskarbitrationd:default]   dispatched callback queue.
2026-08-25 06:22:59.872 I  diskarbitrationd[126:1b69] [com.apple.DiskArbitration.diskarbitrationd:default] diskarbitrationd [126] -> Siri [629]:84995
2026-08-25 06:22:59.872 I  diskarbitrationd[126:1b69] [com.apple.DiskArbitration.diskarbitrationd:default]   dispatched callback queue.
2026-08-25 06:22:59.873 I  diskarbitrationd[126:1b69] [com.apple.DiskArbitration.diskarbitrationd:default] diskarbitrationd [126] -> Siri [629]:67331
2026-08-25 06:22:59.873 I  diskarbitrationd[126:1b69] [com.apple.DiskArbitration.diskarbitrationd:default]   dispatched callback queue.
2026-08-25 06:22:59.873 I  diskarbitrationd[126:1b69] [com.apple.DiskArbitration.diskarbitrationd:default] diskarbitrationd [126] -> PAH_Extension [656]:67587
2026-08-25 06:22:59.873 I  diskarbitrationd[126:1b69] [com.apple.DiskArbitration.diskarbitrationd:default]   dispatched callback queue.
2026-08-25 06:22:59.873 I  diskarbitrationd[126:1b69] [com.apple.DiskArbitration.diskarbitrationd:default] diskarbitrationd [126] -> wpslaunchhelper [618]:83463
2026-08-25 06:22:59.873 I  diskarbitrationd[126:1b69] [com.apple.DiskArbitration.diskarbitrationd:default]   dispatched callback queue.
2026-08-25 06:22:59.873 I  diskarbitrationd[126:1b69] [com.apple.DiskArbitration.diskarbitrationd:default] diskarbitrationd [126] -> iMenu [689]:83203
2026-08-25 06:22:59.873 I  diskarbitrationd[126:1b69] [com.apple.DiskArbitration.diskarbitrationd:default]   dispatched callback queue.
2026-08-25 06:22:59.873 I  diskarbitrationd[126:1b69] [com.apple.DiskArbitration.diskarbitrationd:default] diskarbitrationd [126] -> Raycast [669]:81923
2026-08-25 06:22:59.873 I  diskarbitrationd[126:1b69] [com.apple.DiskArbitration.diskarbitrationd:default]   dispatched callback queue.
2026-08-25 06:22:59.873 I  diskarbitrationd[126:1b69] [com.apple.DiskArbitration.diskarbitrationd:default] diskarbitrationd [126] -> Strongbox [703]:81159
2026-08-25 06:22:59.873 I  diskarbitrationd[126:1b69] [com.apple.DiskArbitration.diskarbitrationd:default]   dispatched callback queue.
2026-08-25 06:22:59.873 I  diskarbitrationd[126:1b69] [com.apple.DiskArbitration.diskarbitrationd:default] diskarbitrationd [126] -> Strongbox [703]:81707
2026-08-25 06:22:59.873 I  diskarbitrationd[126:1b69] [com.apple.DiskArbitration.diskarbitrationd:default]   dispatched callback queue.
2026-08-25 06:22:59.874 I  diskarbitrationd[126:1b69] [com.apple.DiskArbitration.diskarbitrationd:default] diskarbitrationd [126] -> One Switch [726]:37895
2026-08-25 06:22:59.874 I  diskarbitrationd[126:1b69] [com.apple.DiskArbitration.diskarbitrationd:default]   dispatched callback queue.
2026-08-25 06:22:59.874 I  diskarbitrationd[126:1b69] [com.apple.DiskArbitration.diskarbitrationd:default] diskarbitrationd [126] -> AppSSODaemon [586]:68415
2026-08-25 06:22:59.874 I  diskarbitrationd[126:1b69] [com.apple.DiskArbitration.diskarbitrationd:default]   dispatched callback queue.
2026-08-25 06:22:59.874 I  diskarbitrationd[126:1b69] [com.apple.DiskArbitration.diskarbitrationd:default] diskarbitrationd [126] -> SiriNCService [1964]:46099
2026-08-25 06:22:59.874 I  diskarbitrationd[126:1b69] [com.apple.DiskArbitration.diskarbitrationd:default]   dispatched callback queue.
2026-08-25 06:22:59.874 I  diskarbitrationd[126:1b69] [com.apple.DiskArbitration.diskarbitrationd:default] diskarbitrationd [126] -> apfsd [192]:19823
2026-08-25 06:22:59.874 I  diskarbitrationd[126:1b69] [com.apple.DiskArbitration.diskarbitrationd:default]   dispatched callback, id = 0000000000000005:0000000000000005, kind = idle.
2026-08-25 06:22:59.874 I  diskarbitrationd[126:1b69] [com.apple.DiskArbitration.diskarbitrationd:default] diskarbitrationd [126] -> storagekitd [276]:12059
2026-08-25 06:22:59.874 I  diskarbitrationd[126:1b69] [com.apple.DiskArbitration.diskarbitrationd:default]   dispatched callback, id = 0000000000000005:0000000000000005, kind = idle.
2026-08-25 06:22:59.874 I  diskarbitrationd[126:1b69] [com.apple.DiskArbitration.diskarbitrationd:default] diskarbitrationd [126] -> loginwindow [167]:42515
2026-08-25 06:22:59.874 I  diskarbitrationd[126:1b69] [com.apple.DiskArbitration.diskarbitrationd:default]   dispatched callback, id = 0000000000000005:0000000000000005, kind = idle.
2026-08-25 06:22:59.874 I  diskarbitrationd[126:1b69] [com.apple.DiskArbitration.diskarbitrationd:default] diskarbitrationd [126] -> diskutil [310]:41503
2026-08-25 06:22:59.874 I  diskarbitrationd[126:1b69] [com.apple.DiskArbitration.diskarbitrationd:default]   dispatched callback, id = 0000000000000005:0000000000000005, kind = idle.
2026-08-25 06:22:59.874 I  diskarbitrationd[126:1b69] [com.apple.DiskArbitration.diskarbitrationd:default] diskarbitrationd [126] -> WindowManager [484]:1575
2026-08-25 06:22:59.874 I  diskarbitrationd[126:1b69] [com.apple.DiskArbitration.diskarbitrationd:default]   dispatched callback, id = 0000000000000005:0000000000000005, kind = idle.
2026-08-25 06:22:59.874 I  diskarbitrationd[126:1b69] [com.apple.DiskArbitration.diskarbitrationd:default] diskarbitrationd [126] -> SystemUIServer [489]:62227
2026-08-25 06:22:59.874 I  diskarbitrationd[126:1b69] [com.apple.DiskArbitration.diskarbitrationd:default]   dispatched callback, id = 0000000000000005:0000000000000005, kind = idle.
2026-08-25 06:22:59.874 I  diskarbitrationd[126:1b69] [com.apple.DiskArbitration.diskarbitrationd:default] diskarbitrationd [126] -> CoreServicesUIAgent [480]:46851
2026-08-25 06:22:59.874 I  diskarbitrationd[126:1b69] [com.apple.DiskArbitration.diskarbitrationd:default]   dispatched callback, id = 0000000000000005:0000000000000005, kind = idle.
2026-08-25 06:22:59.875 I  diskarbitrationd[126:1b69] [com.apple.DiskArbitration.diskarbitrationd:default] diskarbitrationd [126] -> filecoordinationd [497]:60675
2026-08-25 06:22:59.875 I  diskarbitrationd[126:1b69] [com.apple.DiskArbitration.diskarbitrationd:default]   dispatched callback, id = 0000000000000005:0000000000000005, kind = idle.
2026-08-25 06:22:59.875 I  diskarbitrationd[126:1b69] [com.apple.DiskArbitration.diskarbitrationd:default] diskarbitrationd [126] -> Finder [490]:59931
2026-08-25 06:22:59.875 I  diskarbitrationd[126:1b69] [com.apple.DiskArbitration.diskarbitrationd:default]   dispatched callback, id = 0000000000000005:0000000000000005, kind = idle.
2026-08-25 06:22:59.875 I  diskarbitrationd[126:1b69] [com.apple.DiskArbitration.diskarbitrationd:default] diskarbitrationd [126] -> sharedfilelistd [514]:58371
2026-08-25 06:22:59.875 I  diskarbitrationd[126:1b69] [com.apple.DiskArbitration.diskarbitrationd:default]   dispatched callback, id = 0000000000000005:0000000000000005, kind = idle.
2026-08-25 06:22:59.875 I  diskarbitrationd[126:1b69] [com.apple.DiskArbitration.diskarbitrationd:default] diskarbitrationd [126] -> ControlCenter [487]:48899
2026-08-25 06:22:59.875 I  diskarbitrationd[126:1b69] [com.apple.DiskArbitration.diskarbitrationd:default]   dispatched callback, id = 0000000000000005:0000000000000005, kind = idle.
2026-08-25 06:22:59.875 I  diskarbitrationd[126:1b69] [com.apple.DiskArbitration.diskarbitrationd:default] diskarbitrationd [126] -> WallpaperAgent [499]:57859
2026-08-25 06:22:59.875 I  diskarbitrationd[126:1b69] [com.apple.DiskArbitration.diskarbitrationd:default]   dispatched callback, id = 0000000000000005:0000000000000005, kind = idle.
2026-08-25 06:22:59.875 I  diskarbitrationd[126:1b69] [com.apple.DiskArbitration.diskarbitrationd:default] diskarbitrationd [126] -> fontd [536]:57347
2026-08-25 06:22:59.875 I  diskarbitrationd[126:1b69] [com.apple.DiskArbitration.diskarbitrationd:default]   dispatched callback, id = 0000000000000005:0000000000000005, kind = idle.
2026-08-25 06:22:59.875 I  diskarbitrationd[126:1b69] [com.apple.DiskArbitration.diskarbitrationd:default] diskarbitrationd [126] -> QuickLookUIService [502]:56579
2026-08-25 06:22:59.875 I  diskarbitrationd[126:1b69] [com.apple.DiskArbitration.diskarbitrationd:default]   dispatched callback, id = 0000000000000005:0000000000000005, kind = idle.
2026-08-25 06:22:59.875 I  diskarbitrationd[126:1b69] [com.apple.DiskArbitration.diskarbitrationd:default] diskarbitrationd [126] -> imklaunchagent [547]:56067
2026-08-25 06:22:59.875 I  diskarbitrationd[126:1b69] [com.apple.DiskArbitration.diskarbitrationd:default]   dispatched callback, id = 0000000000000005:0000000000000005, kind = idle.
2026-08-25 06:22:59.875 I  diskarbitrationd[126:1b69] [com.apple.DiskArbitration.diskarbitrationd:default] diskarbitrationd [126] -> CoreLocationAgent [505]:55555
2026-08-25 06:22:59.875 I  diskarbitrationd[126:1b69] [com.apple.DiskArbitration.diskarbitrationd:default]   dispatched callback, id = 0000000000000005:0000000000000005, kind = idle.
2026-08-25 06:22:59.876 I  diskarbitrationd[126:1b69] [com.apple.DiskArbitration.diskarbitrationd:default] diskarbitrationd [126] -> NotificationCenter [566]:50691
2026-08-25 06:22:59.876 I  diskarbitrationd[126:1b69] [com.apple.DiskArbitration.diskarbitrationd:default]   dispatched callback, id = 0000000000000005:0000000000000005, kind = idle.
2026-08-25 06:22:59.876 I  diskarbitrationd[126:1b69] [com.apple.DiskArbitration.diskarbitrationd:default] diskarbitrationd [126] -> AppSSOAgent [583]:51203
2026-08-25 06:22:59.876 I  diskarbitrationd[126:1b69] [com.apple.DiskArbitration.diskarbitrationd:default]   dispatched callback, id = 0000000000000005:0000000000000005, kind = idle.
2026-08-25 06:22:59.876 I  diskarbitrationd[126:1b69] [com.apple.DiskArbitration.diskarbitrationd:default] diskarbitrationd [126] -> CarbonComponentScannerXPC [546]:55043
2026-08-25 06:22:59.876 I  diskarbitrationd[126:1b69] [com.apple.DiskArbitration.diskarbitrationd:default]   dispatched callback, id = 0000000000000005:0000000000000005, kind = idle.
2026-08-25 06:22:59.876 I  diskarbitrationd[126:1b69] [com.apple.DiskArbitration.diskarbitrationd:default] diskarbitrationd [126] -> sharingd [563]:54531
2026-08-25 06:22:59.876 I  diskarbitrationd[126:1b69] [com.apple.DiskArbitration.diskarbitrationd:default]   dispatched callback, id = 0000000000000005:0000000000000005, kind = idle.
2026-08-25 06:22:59.876 I  diskarbitrationd[126:1b69] [com.apple.DiskArbitration.diskarbitrationd:default] diskarbitrationd [126] -> FinderExtension [541]:51971
2026-08-25 06:22:59.876 I  diskarbitrationd[126:1b69] [com.apple.DiskArbitration.diskarbitrationd:default]   dispatched callback, id = 0000000000000005:0000000000000005, kind = idle.
2026-08-25 06:22:59.876 I  diskarbitrationd[126:1b69] [com.apple.DiskArbitration.diskarbitrationd:default] diskarbitrationd [126] -> WPSFinderMenu [607]:53763
2026-08-25 06:22:59.876 I  diskarbitrationd[126:1b69] [com.apple.DiskArbitration.diskarbitrationd:default]   dispatched callback, id = 0000000000000005:0000000000000005, kind = idle.
2026-08-25 06:22:59.876 I  diskarbitrationd[126:1b69] [com.apple.DiskArbitration.diskarbitrationd:default] diskarbitrationd [126] -> iMenuExtension [609]:54019
2026-08-25 06:22:59.876 I  diskarbitrationd[126:1b69] [com.apple.DiskArbitration.diskarbitrationd:default]   dispatched callback, id = 0000000000000005:0000000000000005, kind = idle.
2026-08-25 06:22:59.876 I  diskarbitrationd[126:1b69] [com.apple.DiskArbitration.diskarbitrationd:default] diskarbitrationd [126] -> Finder [490]:86531
2026-08-25 06:22:59.876 I  diskarbitrationd[126:1b69] [com.apple.DiskArbitration.diskarbitrationd:default]   dispatched callback, id = 0000000000000005:0000000000000005, kind = idle.
2026-08-25 06:22:59.876 I  diskarbitrationd[126:1b69] [com.apple.DiskArbitration.diskarbitrationd:default] diskarbitrationd [126] -> iMenuExtension [609]:66307
2026-08-25 06:22:59.876 I  diskarbitrationd[126:1b69] [com.apple.DiskArbitration.diskarbitrationd:default]   dispatched callback, id = 0000000000000005:0000000000000005, kind = idle.
2026-08-25 06:22:59.877 I  diskarbitrationd[126:1b69] [com.apple.DiskArbitration.diskarbitrationd:default] diskarbitrationd [126] -> Finder [490]:59147
2026-08-25 06:22:59.877 I  diskarbitrationd[126:1b69] [com.apple.DiskArbitration.diskarbitrationd:default]   dispatched callback, id = 0000000000000005:0000000000000005, kind = idle.
2026-08-25 06:22:59.877 I  diskarbitrationd[126:1b69] [com.apple.DiskArbitration.diskarbitrationd:default] diskarbitrationd [126] -> AirPlayUIAgent [635]:66563
2026-08-25 06:22:59.877 I  diskarbitrationd[126:1b69] [com.apple.DiskArbitration.diskarbitrationd:default]   dispatched callback, id = 0000000000000005:0000000000000005, kind = idle.
2026-08-25 06:22:59.877 I  diskarbitrationd[126:1b69] [com.apple.DiskArbitration.diskarbitrationd:default] diskarbitrationd [126] -> TextInputMenuAgent [639]:85251
2026-08-25 06:22:59.877 I  diskarbitrationd[126:1b69] [com.apple.DiskArbitration.diskarbitrationd:default]   dispatched callback, id = 0000000000000005:0000000000000005, kind = idle.
2026-08-25 06:22:59.877 I  diskarbitrationd[126:1b69] [com.apple.DiskArbitration.diskarbitrationd:default] diskarbitrationd [126] -> Siri [629]:84995
2026-08-25 06:22:59.877 I  diskarbitrationd[126:1b69] [com.apple.DiskArbitration.diskarbitrationd:default]   dispatched callback, id = 0000000000000005:0000000000000005, kind = idle.
2026-08-25 06:22:59.877 I  diskarbitrationd[126:1b69] [com.apple.DiskArbitration.diskarbitrationd:default] diskarbitrationd [126] -> Siri [629]:67331
2026-08-25 06:22:59.877 I  diskarbitrationd[126:1b69] [com.apple.DiskArbitration.diskarbitrationd:default]   dispatched callback, id = 0000000000000005:0000000000000005, kind = idle.
2026-08-25 06:22:59.877 I  diskarbitrationd[126:1b69] [com.apple.DiskArbitration.diskarbitrationd:default] diskarbitrationd [126] -> PAH_Extension [656]:67587
2026-08-25 06:22:59.877 I  diskarbitrationd[126:1b69] [com.apple.DiskArbitration.diskarbitrationd:default]   dispatched callback, id = 0000000000000005:0000000000000005, kind = idle.
2026-08-25 06:22:59.877 I  diskarbitrationd[126:1b69] [com.apple.DiskArbitration.diskarbitrationd:default] diskarbitrationd [126] -> wpslaunchhelper [618]:83463
2026-08-25 06:22:59.877 I  diskarbitrationd[126:1b69] [com.apple.DiskArbitration.diskarbitrationd:default]   dispatched callback, id = 0000000000000005:0000000000000005, kind = idle.
2026-08-25 06:22:59.877 I  diskarbitrationd[126:1b69] [com.apple.DiskArbitration.diskarbitrationd:default] diskarbitrationd [126] -> iMenu [689]:83203
2026-08-25 06:22:59.877 I  diskarbitrationd[126:1b69] [com.apple.DiskArbitration.diskarbitrationd:default]   dispatched callback, id = 0000000000000005:0000000000000005, kind = idle.
2026-08-25 06:22:59.877 I  diskarbitrationd[126:1b69] [com.apple.DiskArbitration.diskarbitrationd:default] diskarbitrationd [126] -> Raycast [669]:81923
2026-08-25 06:22:59.877 I  diskarbitrationd[126:1b69] [com.apple.DiskArbitration.diskarbitrationd:default]   dispatched callback, id = 0000000000000005:0000000000000005, kind = idle.
2026-08-25 06:22:59.878 I  diskarbitrationd[126:1b69] [com.apple.DiskArbitration.diskarbitrationd:default] diskarbitrationd [126] -> Strongbox [703]:81159
2026-08-25 06:22:59.878 I  diskarbitrationd[126:1b69] [com.apple.DiskArbitration.diskarbitrationd:default]   dispatched callback, id = 0000000000000005:0000000000000005, kind = idle.
2026-08-25 06:22:59.878 I  diskarbitrationd[126:1b69] [com.apple.DiskArbitration.diskarbitrationd:default] diskarbitrationd [126] -> Strongbox [703]:81707
2026-08-25 06:22:59.878 I  diskarbitrationd[126:1b69] [com.apple.DiskArbitration.diskarbitrationd:default]   dispatched callback, id = 0000000000000005:0000000000000005, kind = idle.
2026-08-25 06:22:59.878 I  diskarbitrationd[126:1b69] [com.apple.DiskArbitration.diskarbitrationd:default] diskarbitrationd [126] -> One Switch [726]:37895
2026-08-25 06:22:59.878 I  diskarbitrationd[126:1b69] [com.apple.DiskArbitration.diskarbitrationd:default]   dispatched callback, id = 0000000000000005:0000000000000005, kind = idle.
2026-08-25 06:22:59.878 I  diskarbitrationd[126:1b69] [com.apple.DiskArbitration.diskarbitrationd:default] diskarbitrationd [126] -> AppSSODaemon [586]:68415
2026-08-25 06:22:59.878 I  diskarbitrationd[126:1b69] [com.apple.DiskArbitration.diskarbitrationd:default]   dispatched callback, id = 0000000000000005:0000000000000005, kind = idle.
2026-08-25 06:22:59.878 I  diskarbitrationd[126:1b69] [com.apple.DiskArbitration.diskarbitrationd:default] diskarbitrationd [126] -> SiriNCService [1964]:46099
2026-08-25 06:22:59.878 I  diskarbitrationd[126:1b69] [com.apple.DiskArbitration.diskarbitrationd:default]   dispatched callback, id = 0000000000000005:0000000000000005, kind = idle.
2026-08-25 06:22:59.878 I  diskarbitrationd[126:1b69] [com.apple.DiskArbitration.diskarbitrationd:default] diskarbitrationd [126] -> hdiejectd [2315]:66107
2026-08-25 06:22:59.878 I  diskarbitrationd[126:1b69] [com.apple.DiskArbitration.diskarbitrationd:default]   dispatched callback, id = 0000000000000004:0000000000000004, kind = idle.
2026-08-25 06:22:59.878 I  diskarbitrationd[126:1b69] [com.apple.DiskArbitration.diskarbitrationd:default] diskarbitrationd [126] -> loginwindow [167]:42515
2026-08-25 06:22:59.878 I  diskarbitrationd[126:1b69] [com.apple.DiskArbitration.diskarbitrationd:default]   dispatched callback queue.
2026-08-25 06:22:59.878 I  diskarbitrationd[126:1b69] [com.apple.DiskArbitration.diskarbitrationd:default] diskarbitrationd [126] -> WindowManager [484]:1575
2026-08-25 06:22:59.878 I  diskarbitrationd[126:1b69] [com.apple.DiskArbitration.diskarbitrationd:default]   dispatched callback queue.
2026-08-25 06:22:59.878 I  diskarbitrationd[126:1b69] [com.apple.DiskArbitration.diskarbitrationd:default] diskarbitrationd [126] -> SystemUIServer [489]:62227
2026-08-25 06:22:59.879 I  diskarbitrationd[126:1b69] [com.apple.DiskArbitration.diskarbitrationd:default]   dispatched callback queue.
2026-08-25 06:22:59.879 I  diskarbitrationd[126:1b69] [com.apple.DiskArbitration.diskarbitrationd:default] diskarbitrationd [126] -> CoreServicesUIAgent [480]:46851
2026-08-25 06:22:59.879 I  diskarbitrationd[126:1b69] [com.apple.DiskArbitration.diskarbitrationd:default]   dispatched callback queue.
2026-08-25 06:22:59.879 I  diskarbitrationd[126:1b69] [com.apple.DiskArbitration.diskarbitrationd:default] diskarbitrationd [126] -> filecoordinationd [497]:60675
2026-08-25 06:22:59.879 I  diskarbitrationd[126:1b69] [com.apple.DiskArbitration.diskarbitrationd:default]   dispatched callback queue.
2026-08-25 06:22:59.879 I  diskarbitrationd[126:1b69] [com.apple.DiskArbitration.diskarbitrationd:default] diskarbitrationd [126] -> Finder [490]:59931
2026-08-25 06:22:59.879 I  diskarbitrationd[126:1b69] [com.apple.DiskArbitration.diskarbitrationd:default]   dispatched callback queue.
2026-08-25 06:22:59.879 I  diskarbitrationd[126:1b69] [com.apple.DiskArbitration.diskarbitrationd:default] diskarbitrationd [126] -> ControlCenter [487]:48899
2026-08-25 06:22:59.880 I  diskarbitrationd[126:1b69] [com.apple.DiskArbitration.diskarbitrationd:default]   dispatched callback queue.
2026-08-25 06:22:59.880 I  diskarbitrationd[126:1b69] [com.apple.DiskArbitration.diskarbitrationd:default] diskarbitrationd [126] -> WallpaperAgent [499]:57859
2026-08-25 06:22:59.880 I  diskarbitrationd[126:1b69] [com.apple.DiskArbitration.diskarbitrationd:default]   dispatched callback queue.
2026-08-25 06:22:59.880 I  diskarbitrationd[126:1b69] [com.apple.DiskArbitration.diskarbitrationd:default] diskarbitrationd [126] -> imklaunchagent [547]:56067
2026-08-25 06:22:59.880 I  diskarbitrationd[126:1b69] [com.apple.DiskArbitration.diskarbitrationd:default]   dispatched callback queue.
2026-08-25 06:22:59.880 I  diskarbitrationd[126:1b69] [com.apple.DiskArbitration.diskarbitrationd:default] diskarbitrationd [126] -> CoreLocationAgent [505]:55555
2026-08-25 06:22:59.880 I  diskarbitrationd[126:1b69] [com.apple.DiskArbitration.diskarbitrationd:default]   dispatched callback queue.
2026-08-25 06:22:59.880 I  diskarbitrationd[126:1b69] [com.apple.DiskArbitration.diskarbitrationd:default] diskarbitrationd [126] -> NotificationCenter [566]:50691
2026-08-25 06:22:59.880 I  diskarbitrationd[126:1b69] [com.apple.DiskArbitration.diskarbitrationd:default]   dispatched callback queue.
2026-08-25 06:22:59.881 I  diskarbitrationd[126:1b69] [com.apple.DiskArbitration.diskarbitrationd:default] diskarbitrationd [126] -> AppSSOAgent [583]:51203
2026-08-25 06:22:59.881 I  diskarbitrationd[126:1b69] [com.apple.DiskArbitration.diskarbitrationd:default]   dispatched callback queue.
2026-08-25 06:22:59.881 I  diskarbitrationd[126:1b69] [com.apple.DiskArbitration.diskarbitrationd:default] diskarbitrationd [126] -> sharingd [563]:54531
2026-08-25 06:22:59.881 I  diskarbitrationd[126:1b69] [com.apple.DiskArbitration.diskarbitrationd:default]   dispatched callback queue.
2026-08-25 06:22:59.881 I  diskarbitrationd[126:1b69] [com.apple.DiskArbitration.diskarbitrationd:default] diskarbitrationd [126] -> CarbonComponentScannerXPC [546]:55043
2026-08-25 06:22:59.881 I  diskarbitrationd[126:1b69] [com.apple.DiskArbitration.diskarbitrationd:default]   dispatched callback queue.
2026-08-25 06:22:59.881 I  diskarbitrationd[126:1b69] [com.apple.DiskArbitration.diskarbitrationd:default] diskarbitrationd [126] -> FinderExtension [541]:51971
2026-08-25 06:22:59.881 I  diskarbitrationd[126:1b69] [com.apple.DiskArbitration.diskarbitrationd:default]   dispatched callback queue.
2026-08-25 06:22:59.881 I  diskarbitrationd[126:1b69] [com.apple.DiskArbitration.diskarbitrationd:default] diskarbitrationd [126] -> WPSFinderMenu [607]:53763
2026-08-25 06:22:59.881 I  diskarbitrationd[126:1b69] [com.apple.DiskArbitration.diskarbitrationd:default]   dispatched callback queue.
2026-08-25 06:22:59.881 I  diskarbitrationd[126:1b69] [com.apple.DiskArbitration.diskarbitrationd:default] diskarbitrationd [126] -> iMenuExtension [609]:54019
2026-08-25 06:22:59.881 I  diskarbitrationd[126:1b69] [com.apple.DiskArbitration.diskarbitrationd:default]   dispatched callback queue.
2026-08-25 06:22:59.881 I  diskarbitrationd[126:1b69] [com.apple.DiskArbitration.diskarbitrationd:default] diskarbitrationd [126] -> sharedfilelistd [514]:58371
2026-08-25 06:22:59.881 I  diskarbitrationd[126:1b69] [com.apple.DiskArbitration.diskarbitrationd:default]   dispatched callback queue.
2026-08-25 06:22:59.881 I  diskarbitrationd[126:1b69] [com.apple.DiskArbitration.diskarbitrationd:default] diskarbitrationd [126] -> Finder [490]:86531
2026-08-25 06:22:59.881 I  diskarbitrationd[126:1b69] [com.apple.DiskArbitration.diskarbitrationd:default]   dispatched callback queue.
2026-08-25 06:22:59.881 I  diskarbitrationd[126:1b69] [com.apple.DiskArbitration.diskarbitrationd:default] diskarbitrationd [126] -> iMenuExtension [609]:66307
2026-08-25 06:22:59.881 I  diskarbitrationd[126:1b69] [com.apple.DiskArbitration.diskarbitrationd:default]   dispatched callback queue.
2026-08-25 06:22:59.881 I  diskarbitrationd[126:1b69] [com.apple.DiskArbitration.diskarbitrationd:default] diskarbitrationd [126] -> fontd [536]:57347
2026-08-25 06:22:59.881 I  diskarbitrationd[126:1b69] [com.apple.DiskArbitration.diskarbitrationd:default]   dispatched callback queue.
2026-08-25 06:22:59.881 I  diskarbitrationd[126:1b69] [com.apple.DiskArbitration.diskarbitrationd:default] diskarbitrationd [126] -> QuickLookUIService [502]:56579
2026-08-25 06:22:59.881 I  diskarbitrationd[126:1b69] [com.apple.DiskArbitration.diskarbitrationd:default]   dispatched callback queue.
2026-08-25 06:22:59.881 I  diskarbitrationd[126:1b69] [com.apple.DiskArbitration.diskarbitrationd:default] diskarbitrationd [126] -> Finder [490]:59147
2026-08-25 06:22:59.881 I  diskarbitrationd[126:1b69] [com.apple.DiskArbitration.diskarbitrationd:default]   dispatched callback queue.
2026-08-25 06:22:59.882 I  diskarbitrationd[126:1b69] [com.apple.DiskArbitration.diskarbitrationd:default] diskarbitrationd [126] -> AirPlayUIAgent [635]:66563
2026-08-25 06:22:59.882 I  diskarbitrationd[126:1b69] [com.apple.DiskArbitration.diskarbitrationd:default]   dispatched callback queue.
2026-08-25 06:22:59.882 I  diskarbitrationd[126:1b69] [com.apple.DiskArbitration.diskarbitrationd:default] diskarbitrationd [126] -> TextInputMenuAgent [639]:85251
2026-08-25 06:22:59.882 I  diskarbitrationd[126:1b69] [com.apple.DiskArbitration.diskarbitrationd:default]   dispatched callback queue.
2026-08-25 06:22:59.882 I  diskarbitrationd[126:1b69] [com.apple.DiskArbitration.diskarbitrationd:default] diskarbitrationd [126] -> Siri [629]:84995
2026-08-25 06:22:59.882 I  diskarbitrationd[126:1b69] [com.apple.DiskArbitration.diskarbitrationd:default]   dispatched callback queue.
2026-08-25 06:22:59.882 I  diskarbitrationd[126:1b69] [com.apple.DiskArbitration.diskarbitrationd:default] diskarbitrationd [126] -> Siri [629]:67331
2026-08-25 06:22:59.882 I  diskarbitrationd[126:1b69] [com.apple.DiskArbitration.diskarbitrationd:default]   dispatched callback queue.
2026-08-25 06:22:59.882 I  diskarbitrationd[126:1b69] [com.apple.DiskArbitration.diskarbitrationd:default] diskarbitrationd [126] -> PAH_Extension [656]:67587
2026-08-25 06:22:59.882 I  diskarbitrationd[126:1b69] [com.apple.DiskArbitration.diskarbitrationd:default]   dispatched callback queue.
2026-08-25 06:22:59.882 I  diskarbitrationd[126:1b69] [com.apple.DiskArbitration.diskarbitrationd:default] diskarbitrationd [126] -> wpslaunchhelper [618]:83463
2026-08-25 06:22:59.882 I  diskarbitrationd[126:1b69] [com.apple.DiskArbitration.diskarbitrationd:default]   dispatched callback queue.
2026-08-25 06:22:59.882 I  diskarbitrationd[126:1b69] [com.apple.DiskArbitration.diskarbitrationd:default] diskarbitrationd [126] -> iMenu [689]:83203
2026-08-25 06:22:59.882 I  diskarbitrationd[126:1b69] [com.apple.DiskArbitration.diskarbitrationd:default]   dispatched callback queue.
2026-08-25 06:22:59.882 I  diskarbitrationd[126:1b69] [com.apple.DiskArbitration.diskarbitrationd:default] diskarbitrationd [126] -> Raycast [669]:81923
2026-08-25 06:22:59.882 I  diskarbitrationd[126:1b69] [com.apple.DiskArbitration.diskarbitrationd:default]   dispatched callback queue.
2026-08-25 06:22:59.882 I  diskarbitrationd[126:1b69] [com.apple.DiskArbitration.diskarbitrationd:default] diskarbitrationd [126] -> Strongbox [703]:81159
2026-08-25 06:22:59.882 I  diskarbitrationd[126:1b69] [com.apple.DiskArbitration.diskarbitrationd:default]   dispatched callback queue.
2026-08-25 06:22:59.882 I  diskarbitrationd[126:1b69] [com.apple.DiskArbitration.diskarbitrationd:default] diskarbitrationd [126] -> Strongbox [703]:81707
2026-08-25 06:22:59.882 I  diskarbitrationd[126:1b69] [com.apple.DiskArbitration.diskarbitrationd:default]   dispatched callback queue.
2026-08-25 06:22:59.882 I  diskarbitrationd[126:1b69] [com.apple.DiskArbitration.diskarbitrationd:default] diskarbitrationd [126] -> One Switch [726]:37895
2026-08-25 06:22:59.882 I  diskarbitrationd[126:1b69] [com.apple.DiskArbitration.diskarbitrationd:default]   dispatched callback queue.
2026-08-25 06:22:59.882 I  diskarbitrationd[126:1b69] [com.apple.DiskArbitration.diskarbitrationd:default] diskarbitrationd [126] -> AppSSODaemon [586]:68415
2026-08-25 06:22:59.882 I  diskarbitrationd[126:1b69] [com.apple.DiskArbitration.diskarbitrationd:default]   dispatched callback queue.
2026-08-25 06:22:59.882 I  diskarbitrationd[126:1b69] [com.apple.DiskArbitration.diskarbitrationd:default] diskarbitrationd [126] -> SiriNCService [1964]:46099
2026-08-25 06:22:59.882 I  diskarbitrationd[126:1b69] [com.apple.DiskArbitration.diskarbitrationd:default]   dispatched callback queue.
2026-08-25 06:22:59.883 I  diskarbitrationd[126:1b69] [com.apple.DiskArbitration.diskarbitrationd:default] diskarbitrationd [126] -> storagekitd [276]:12059
2026-08-25 06:22:59.883 I  diskarbitrationd[126:1b69] [com.apple.DiskArbitration.diskarbitrationd:default]   dispatched callback queue.
2026-08-25 06:22:59.883 I  diskarbitrationd[126:1b69] [com.apple.DiskArbitration.diskarbitrationd:default] diskarbitrationd [126] -> diskutil [310]:41503
2026-08-25 06:22:59.883 I  diskarbitrationd[126:1b69] [com.apple.DiskArbitration.diskarbitrationd:default]   dispatched callback queue.
2026-08-25 06:22:59.883 I  diskarbitrationd[126:1b69] [com.apple.DiskArbitration.diskarbitrationd:default] diskarbitrationd [126] -> SystemUIServer [489]:7435
2026-08-25 06:22:59.883 I  diskarbitrationd[126:1b69] [com.apple.DiskArbitration.diskarbitrationd:default]   dispatched callback queue.
2026-08-25 06:22:59.883 I  diskarbitrationd[126:1b69] [com.apple.DiskArbitration.diskarbitrationd:default] diskarbitrationd [126] -> APFSUserAgent [524]:56835
2026-08-25 06:22:59.883 I  diskarbitrationd[126:1b69] [com.apple.DiskArbitration.diskarbitrationd:default]   dispatched callback queue.
2026-08-25 06:22:59.883 I  diskarbitrationd[126:1b69] [com.apple.DiskArbitration.diskarbitrationd:default] diskarbitrationd [126] -> icdd [630]:84227
2026-08-25 06:22:59.883 I  diskarbitrationd[126:1b69] [com.apple.DiskArbitration.diskarbitrationd:default]   dispatched callback queue.
2026-08-25 06:22:59.883 I  diskarbitrationd[126:1b69] [com.apple.DiskArbitration.diskarbitrationd:default] diskarbitrationd [126] -> Ëµ§ÂèãNTFSÂä©Êâã [690]:81411
2026-08-25 06:22:59.883 I  diskarbitrationd[126:1b69] [com.apple.DiskArbitration.diskarbitrationd:default]   dispatched callback queue.
2026-08-25 06:22:59.883 I  diskarbitrationd[126:1b69] [com.apple.DiskArbitration.diskarbitrationd:default] diskarbitrationd [126] -> diskimages-helper [2323]:42927
2026-08-25 06:22:59.883 I  diskarbitrationd[126:1b69] [com.apple.DiskArbitration.diskarbitrationd:default]   dispatched callback queue.
2026-08-25 06:22:59.883 I  diskarbitrationd[126:1b69] [com.apple.DiskArbitration.diskarbitrationd:default] diskarbitrationd [126] -> fskitd [2331]:39807
2026-08-25 06:22:59.883 I  diskarbitrationd[126:1b69] [com.apple.DiskArbitration.diskarbitrationd:default]   dispatched callback queue.
2026-08-25 06:22:59.884 I  diskarbitrationd[126:1b69] [com.apple.DiskArbitration.diskarbitrationd:default] diskarbitrationd [126] -> apfsd [192]:19823
2026-08-25 06:22:59.884 I  diskarbitrationd[126:1b69] [com.apple.DiskArbitration.diskarbitrationd:default]   dispatched callback queue.
2026-08-25 06:22:59.884 I  diskarbitrationd[126:1b69] [com.apple.DiskArbitration.diskarbitrationd:default] diskarbitrationd [126] -> hdiejectd [2315]:66107
2026-08-25 06:22:59.884 I  diskarbitrationd[126:1b69] [com.apple.DiskArbitration.diskarbitrationd:default]   dispatched callback queue.
2026-08-25 06:22:59.890 I  diskarbitrationd[126:1b69] [com.apple.DiskArbitration.diskarbitrationd:default] diskimages-helper [2323]:42927 -> diskarbitrationd [126]
2026-08-25 06:22:59.890 I  diskarbitrationd[126:1b69] [com.apple.DiskArbitration.diskarbitrationd:default]   unregistered callback, id = 0000000000000001:0000000000000001.
2026-08-25 06:22:59.890 I  diskarbitrationd[126:1b69] [com.apple.DiskArbitration.diskarbitrationd:default]   unregistered callback, id = 0000000000000002:0000000000000002.
2026-08-25 06:22:59.891 I  diskarbitrationd[126:1b69] [com.apple.DiskArbitration.diskarbitrationd:default] diskimages-helper [2323]:128779 -> diskarbitrationd [126]
2026-08-25 06:22:59.891 I  diskarbitrationd[126:1b69] [com.apple.DiskArbitration.diskarbitrationd:default]   created session, id = diskimages-helper [2323]:128779.
2026-08-25 06:22:59.891 I  diskarbitrationd[126:1b69] [com.apple.DiskArbitration.diskarbitrationd:default]   set client port, id = diskimages-helper [2323]:128779.
2026-08-25 06:22:59.891 I  diskarbitrationd[126:1b69] [com.apple.DiskArbitration.diskarbitrationd:default]   registered callback, id = 0000000000000001:0000000000000001, kind = idle.
2026-08-25 06:22:59.891 I  diskarbitrationd[126:1b69] [com.apple.DiskArbitration.diskarbitrationd:default] diskarbitrationd [126] -> diskimages-helper [2323]:128779
2026-08-25 06:22:59.891 I  diskarbitrationd[126:1b69] [com.apple.DiskArbitration.diskarbitrationd:default]   dispatched callback, id = 0000000000000001:0000000000000001, kind = idle.
2026-08-25 06:22:59.891 I  diskarbitrationd[126:1b69] [com.apple.DiskArbitration.diskarbitrationd:default]   dispatched callback queue.
2026-08-25 06:22:59.892 I  diskarbitrationd[126:1b69] [com.apple.DiskArbitration.diskarbitrationd:default] diskimages-helper [2323]:128779 -> diskarbitrationd [126]
2026-08-25 06:22:59.892 I  diskarbitrationd[126:1b69] [com.apple.DiskArbitration.diskarbitrationd:default]   unregistered callback, id = 0000000000000001:0000000000000001.
2026-08-25 06:22:59.892 I  diskarbitrationd[126:1b69] [com.apple.DiskArbitration.diskarbitrationd:default]   removed session, id = diskimages-helper [2323]:128779.
2026-08-25 06:22:59.892 I  diskarbitrationd[126:1b69] [com.apple.DiskArbitration.diskarbitrationd:default] diskimages-helper [2323]:42927 -> diskarbitrationd [126]
2026-08-25 06:22:59.892 I  diskarbitrationd[126:1b69] [com.apple.DiskArbitration.diskarbitrationd:default]   unregistered callback, id = 0000000000000003:0000000000000003.
2026-08-25 06:22:59.894 I  diskarbitrationd[126:1b69] [com.apple.DiskArbitration.diskarbitrationd:default] storagekitd [276]:128271 -> diskarbitrationd [126]
2026-08-25 06:22:59.894 I  diskarbitrationd[126:1b69] [com.apple.DiskArbitration.diskarbitrationd:default]   created session, id = storagekitd [276]:128271.
2026-08-25 06:22:59.894 I  diskarbitrationd[126:1b69] [com.apple.DiskArbitration.diskarbitrationd:default]   removed session, id = storagekitd [276]:128271.
2026-08-25 06:22:59.897 I  diskarbitrationd[126:1b69] [com.apple.DiskArbitration.diskarbitrationd:default] storagekitd [276]:38935 -> diskarbitrationd [126]
2026-08-25 06:22:59.897 I  diskarbitrationd[126:1b69] [com.apple.DiskArbitration.diskarbitrationd:default]   created session, id = storagekitd [276]:38935.
2026-08-25 06:22:59.897 I  diskarbitrationd[126:1b69] [com.apple.DiskArbitration.diskarbitrationd:default]   removed session, id = storagekitd [276]:38935.
2026-08-25 06:22:59.904 I  io.macfuse.app.launchservice.daemon[2311:3c39] [io.macfuse:daemon] Activated device <private> for volume <private>
2026-08-25 06:22:59.904 I  io.macfuse.app.launchservice.daemon[2311:3c39] [io.macfuse:daemon] Mount <private>
2026-08-25 06:22:59.908 I  diskarbitrationd[126:1b69] [com.apple.DiskArbitration.diskarbitrationd:default] storagekitd [276]:128295 -> diskarbitrationd [126]
2026-08-25 06:22:59.908 I  diskarbitrationd[126:1b69] [com.apple.DiskArbitration.diskarbitrationd:default]   created session, id = storagekitd [276]:128295.
2026-08-25 06:22:59.908 I  diskarbitrationd[126:1b69] [com.apple.DiskArbitration.diskarbitrationd:default]   removed session, id = storagekitd [276]:128295.
2026-08-25 06:22:59.914 I  diskarbitrationd[126:1b69] [com.apple.DiskArbitration.diskarbitrationd:default] diskutil [2336]:52291 -> diskarbitrationd [126]
2026-08-25 06:22:59.914 I  diskarbitrationd[126:1b69] [com.apple.DiskArbitration.diskarbitrationd:default]   removed session, id = diskutil [2336]:52291.
2026-08-25 06:22:59.918 I  diskarbitrationd[126:1b69] [com.apple.DiskArbitration.diskarbitrationd:default] storagekitd [276]:41863 -> diskarbitrationd [126]
2026-08-25 06:22:59.918 I  diskarbitrationd[126:1b69] [com.apple.DiskArbitration.diskarbitrationd:default]   removed session, id = storagekitd [276]:41863.
2026-08-25 06:22:59.937 I  mount[2344:3caf] [com.apple.FSKit:default] FSClient setting up connection to fskitd
2026-08-25 06:22:59.938 Db fskitd[2331:3c79] [com.apple.FSKit:default] -[liveFilesMountServiceDelegate listener:shouldAcceptNewConnection:]: start
2026-08-25 06:22:59.938 Df fskitd[2331:3c79] [com.apple.FSKit:default] Incomming connection, entitled 0
2026-08-25 06:22:59.938 Db fskitd[2331:3c79] [com.apple.FSKit:default] -[liveFilesMountServiceDelegate listener:shouldAcceptNewConnection:]: accepting connection
2026-08-25 06:22:59.938 Df mount[2344:3caf] [com.apple.FSKit:default] Setting remote protocol to all XPC
2026-08-25 06:22:59.938 Df fskitd[2331:3c79] [com.apple.FSKit:default] Hello FSClient! entitlement no
2026-08-25 06:22:59.938 I  fskit_agent[2332:3c7e] [com.apple.FSKit:default] Getting extensions
2026-08-25 06:22:59.938 Df fskitd[2331:3c79] [com.apple.FSKit:default] About to get current agent for 501
2026-08-25 06:22:59.938 I  fskitd[2331:3c79] [com.apple.FSKit:default] About to call to fskit_agent
2026-08-25 06:22:59.939 Db fskitd[2331:3c79] [com.apple.FSKit:default] -[fskitdAgentManager currentExtensionForShortName:auditToken:replyHandler:]_block_invoke: Found extension for fsShortName (<private>)
2026-08-25 06:22:59.939 I  fskitd[2331:3c79] [com.apple.FSKit:default] Probe starting on <private>
2026-08-25 06:22:59.939 Db fskitd[2331:3c79] [com.apple.FSKit:default] -[FSResourceManager getResourceState:]:not_found:<private>
2026-08-25 06:22:59.939 Db fskitd[2331:3c79] [com.apple.FSKit:default] -[FSResourceManager addTaskUUID:resource:]:<private>: Adding task (<private>)
2026-08-25 06:22:59.940 I  fskit_agent[2332:3c7e] [com.apple.FSKit:default] Getting extensions
2026-08-25 06:22:59.939 Db fskitd[2331:3c79] [com.apple.FSKit:default] applyResource starting with resource <private> kind 1
2026-08-25 06:22:59.939 Df fskitd[2331:3c79] [com.apple.FSKit:default] About to get current agent for 501
2026-08-25 06:22:59.939 I  fskitd[2331:3c79] [com.apple.FSKit:default] About to call to fskit_agent
2026-08-25 06:22:59.941 Db fskitd[2331:3c79] [com.apple.FSKit:default] -[fskitdXPCServer getExtensionModuleFromID:forToken:]_block_invoke: Found extension <private>, attrs <private>
2026-08-25 06:22:59.941 Df fskitd[2331:3c79] [com.apple.FSKit:default] About to get current agent for 501
2026-08-25 06:22:59.941 I  fskit_agent[2332:3c7e] [com.apple.FSKit:default] Starting startExtension:
2026-08-25 06:22:59.941 I  fskitd[2331:3c79] [com.apple.FSKit:default] About to call to fskit_agent, bundle ID <private>, instanceUUID <private>
2026-08-25 06:22:59.941 I  fskit_agent[2332:3c7e] [com.apple.FSKit:default] About to start proc for instance uuid <private>, moduleID <private>
2026-08-25 06:22:59.964 Df fskitd[2331:3c79] [com.apple.FSKit:default] About to grab assertion on pid 2345
2026-08-25 06:22:59.964 Db fskitd[2331:3c79] [com.apple.FSKit:default] +[FSBlockDeviceResource(Project) openWithBSDName:writable:auditToken:replyHandler:]:bsdName:<private>
2026-08-25 06:22:59.965 Db fskit_helper[2338:3c9a] [com.apple.FSKit:default] FSKitHelper:connection:accept
2026-08-25 06:22:59.965 I  fskit_helper[2338:3c9a] [com.apple.FSKit:default] FSKitHelper:message:processing:start
2026-08-25 06:22:59.965 I  fskit_helper[2338:3c9a] [com.apple.FSKit:default] FSKitHelper:message:processing:open:<private>:flags:2:uid:501:gid:20
2026-08-25 06:22:59.965 I  fskit_helper[2338:3c9a] [com.apple.FSKit:default] FSKitHelper:message:processing:done
2026-08-25 06:22:59.965 Db fskitd[2331:3c79] [com.apple.FSKit:default] +[FSBlockDeviceResource(Project) openWithBSDName:writable:auditToken:replyHandler:]_block_invoke: created a block device resource sucessfully
2026-08-25 06:22:59.965 Db fskitd[2331:3c79] [com.apple.FSKit:default] +[FSBlockDeviceResource(Project) openWithBSDName:writable:auditToken:replyHandler:]: Setting dispatch queue (<private>) for notification port
2026-08-25 06:22:59.966 Db fskitd[2331:3c79] [com.apple.FSKit:default] +[FSBlockDeviceResource(Project) openWithBSDName:writable:auditToken:replyHandler:]: Added IOKit notification callback sucessfully
2026-08-25 06:22:59.966 Db fskitd[2331:3c79] [com.apple.FSKit:default] +[FSBlockDeviceResource(Project) openWithBSDName:writable:auditToken:replyHandler:]:end
2026-08-25 06:22:59.966 I  fskitd[2331:3c79] [com.apple.FSKit:default] openWith returned err (null) dev <private>
2026-08-25 06:22:59.966 Db fskitd[2331:3c79] [com.apple.FSKit:default] -[fskitdXPCServer getRealResource:auditToken:reply:]: Updating resource in resource manager <private>
2026-08-25 06:22:59.966 Db fskitd[2331:3c79] [com.apple.FSKit:default] -[FSResourceManager updateResource:]:start:<private>
2026-08-25 06:22:59.966 Db fskitd[2331:3c79] [com.apple.FSKit:default] -[FSResourceManager updateResource:]:end:<private>
2026-08-25 06:22:59.966 Df fskit_agent[2332:3c7e] [com.apple.FSKit:default] -[fskitAgentConnectionDelegate getNSXPCListenerEndpoint:instanceID:replyHandler:] looking for instance <private>, got <private>
2026-08-25 06:22:59.966 Df fskitd[2331:3c79] [com.apple.FSKit:default] About to get current agent for 501
2026-08-25 06:22:59.966 I  fskitd[2331:3c79] [com.apple.FSKit:default] About to call to fskit_agent
2026-08-25 06:22:59.966 Df fskit_agent[2332:3c7e] [com.apple.FSKit:default] Starting new connection, got conn <private> error (null)
2026-08-25 06:22:59.967 Df fskit_agent[2332:3c7e] [com.apple.FSKit:default] About to fetch endpoint
2026-08-25 06:22:59.989 I  io.macfuse.app.fsmodule.macfuse-local[2345:3cb2] [io.macfuse:fsmodule] Create FileSystem (version=<private>)
2026-08-25 06:22:59.990 Db io.macfuse.app.fsmodule.macfuse-local[2345:3cb2] [com.apple.FSKit:default] moduleExtensionForDelegate called
2026-08-25 06:22:59.991 Db io.macfuse.app.fsmodule.macfuse-local[2345:3cb2] [com.apple.FSKit:default] FSModule initial setup
2026-08-25 06:22:59.991 Df io.macfuse.app.fsmodule.macfuse-local[2345:3cb2] [com.apple.FSKit:default] Have delegate, class <private>
2026-08-25 06:22:59.991 I  io.macfuse.app.fsmodule.macfuse-local[2345:3cb2] [com.apple.FSKit:default] Got delegate '<private>' conformance N 0 S 1 Maintenance 0 URL 0 isConformantFS 1
2026-08-25 06:22:59.991 Df io.macfuse.app.fsmodule.macfuse-local[2345:3cb2] [com.apple.FSKit:default] file system extension backpointer loaded
2026-08-25 06:22:59.991 Df io.macfuse.app.fsmodule.macfuse-local[2345:3cb2] [com.apple.FSKit:default] -[FSModuleExtension didFinishLaunching]: Created FSMachPort = 15111
2026-08-25 06:22:59.991 Db io.macfuse.app.fsmodule.macfuse-local[2345:3cb2] [com.apple.FSKit:default] moduleExtensionForDelegate called
2026-08-25 06:22:59.992 Db io.macfuse.app.fsmodule.macfuse-local[2345:3cb2] [com.apple.FSKit:default] FSModule initial setup
2026-08-25 06:22:59.992 Df io.macfuse.app.fsmodule.macfuse-local[2345:3cb2] [com.apple.FSKit:default] Have delegate, class <private>
2026-08-25 06:22:59.992 I  io.macfuse.app.fsmodule.macfuse-local[2345:3cb2] [com.apple.FSKit:default] Got delegate '<private>' conformance N 0 S 1 Maintenance 0 URL 0 isConformantFS 1
2026-08-25 06:22:59.992 Df io.macfuse.app.fsmodule.macfuse-local[2345:3cb2] [com.apple.FSKit:default] file system extension backpointer loaded
2026-08-25 06:22:59.992 Df io.macfuse.app.fsmodule.macfuse-local[2345:3cb2] [com.apple.FSKit:default] -[FSModuleExtension didFinishLaunching]: Created FSMachPort = 15111
2026-08-25 06:22:59.994 Db io.macfuse.app.fsmodule.macfuse-local[2345:3cb3] [com.apple.FSKit:default] -[FSModuleExtension fskitdIsClient:]: connection application identifier (<private>)
2026-08-25 06:22:59.995 Df io.macfuse.app.fsmodule.macfuse-local[2345:3cb3] [com.apple.FSKit:default] -[FSModuleExtension(Project) shouldAcceptConnection:] returning YES
2026-08-25 06:22:59.995 Df fskit_agent[2332:3c7e] [com.apple.FSKit:default] endpoint fetch got endpoint <private> error (null)
2026-08-25 06:22:59.995 Df io.macfuse.app.fsmodule.macfuse-local[2345:3cb3] [com.apple.FSKit:default] Set secondary listener up <private>
2026-08-25 06:22:59.995 Df io.macfuse.app.fsmodule.macfuse-local[2345:3cb3] [com.apple.FSKit:default] getModuleListenerEndpoint got listener <private>
2026-08-25 06:22:59.995 Df fskitd[2331:3c7a] [com.apple.FSKit:default] Got ep <private> error (null)
2026-08-25 06:22:59.995 Df fskitd[2331:3c79] [com.apple.FSKit:default] non-ours instance connection got <private>
2026-08-25 06:22:59.995 Df fskitd[2331:3c79] [com.apple.FSKit:default] About to talk to the connection for <private>
2026-08-25 06:22:59.995 Db io.macfuse.app.fsmodule.macfuse-local[2345:3cb3] [com.apple.FSKit:default] -[FSModuleExtension fskitdIsClient:]: connection application identifier (<private>)
2026-08-25 06:22:59.995 Df io.macfuse.app.fsmodule.macfuse-local[2345:3cb3] [com.apple.FSKit:default] -[FSModuleExtension(Project) shouldAcceptConnection:] returning YES
2026-08-25 06:22:59.995 Df io.macfuse.app.fsmodule.macfuse-local[2345:3cb3] [com.apple.FSKit:default] FSModuleExtension.checkIn:extensionID:<private>
2026-08-25 06:22:59.995 Df io.macfuse.app.fsmodule.macfuse-local[2345:3cb3] [com.apple.FSKit:default] FSModuleExtension.checkIn returning (null)
2026-08-25 06:22:59.996 Db fskitd[2331:3c79] [com.apple.FSKit:default] -[FSResourceManager addResource:]:start:<private>
2026-08-25 06:22:59.996 Db fskitd[2331:3c79] [com.apple.FSKit:default] -[FSResourceManager addResource:]: Resource <private>, already exists
2026-08-25 06:22:59.996 Db fskitd[2331:3c79] [com.apple.FSKit:default] -[fskitdXPCServer getInitiatorBundleIDForToken:]:end:not:found
2026-08-25 06:22:59.996 Db fskitd[2331:3c79] [com.apple.FSKit:default] -[fskitdXPCServer getInitiatorSigningIDForToken:]: SecTaskCopySigningIdentifier:com.apple.mount
2026-08-25 06:22:59.996 Df io.macfuse.app.fsmodule.macfuse-local[2345:3cb3] [com.apple.FSKit:default] Successful dynamic cast of resource to bd. Got fd 3
2026-08-25 06:22:59.996 Df io.macfuse.app.fsmodule.macfuse-local[2345:3cb3] [com.apple.FSKit:default] readFirstSectorAndLog reading from 3 got rv 512 error (null)
2026-08-25 06:22:59.996 Df io.macfuse.app.fsmodule.macfuse-local[2345:3cb3] [com.apple.FSKit:default] Successful read, first characters fe53:a49f
2026-08-25 06:22:59.996 Df io.macfuse.app.fsmodule.macfuse-local[2345:3cb3] [com.apple.FSKit:default] Returning <private>
2026-08-25 06:22:59.996 Db io.macfuse.app.fsmodule.macfuse-local[2345:3cb3] [com.apple.FSKit:default] -[FSModuleConnector sendCloseResource:]:start:resource(<private>)
2026-08-25 06:22:59.997 Db fskitd[2331:3c81] [com.apple.FSKit:default] -[fskitdExtensionClient closeResource:replyHandler:]:start:resource(<private>)
2026-08-25 06:22:59.997 Db fskitd[2331:3c81] [com.apple.FSKit:default] +[fskitdExtensionClient closeResource:andRevoke:]:start:resource:<private>
2026-08-25 06:22:59.997 Db io.macfuse.app.fsmodule.macfuse-local[2345:3cb3] [com.apple.FSKit:default] -[FSModuleConnector sendCloseResource:]:end
2026-08-25 06:22:59.997 Db fskitd[2331:3c81] [com.apple.FSKit:default] -[FSResourceManager removeResource:]:start:<private>
2026-08-25 06:22:59.997 Db fskitd[2331:3c81] [com.apple.FSKit:default] -[fskitdExtensionClient closeResource:replyHandler:]:end:resource(<private>)
2026-08-25 06:22:59.997 I  fskitd[2331:3c81] [com.apple.FSKit:default] Got task update id <private> state 3 purpose FSTaskProbe
2026-08-25 06:22:59.997 Df diskarbitrationd[126:1b69] [com.apple.DiskArbitration.diskarbitrationd:default]   fskitd [2331]:39807 queued solicitation, id = 0000000000000002:0000000000000002, kind = disk fskit additions changed, disk = /dev/disk4, options = 0x00000000.
2026-08-25 06:22:59.997 Db fskitd[2331:3c79] [com.apple.FSKit:default] -[fskitdXPCServer _probeResource:usingBundle:auditToken:replyHandler:]_block_invoke: Remove resourceID (<private>) from the FSModuleHost.defaultInstanceUUID instance
2026-08-25 06:22:59.997 I  diskarbitrationd[126:1b69] [com.apple.DiskArbitration.diskarbitrationd:default] diskarbitrationd [126] -> fskitd [2331]:39807
2026-08-25 06:22:59.997 Db fskitd[2331:3c79] [com.apple.FSKit:default] -[FSBlockDeviceResource releaseNotification]:released
2026-08-25 06:22:59.997 I  diskarbitrationd[126:1b69] [com.apple.DiskArbitration.diskarbitrationd:default]   dispatched callback, id = 0000000000000002:0000000000000002, kind = disk fskit additions changed, disk = /dev/disk4, success.
2026-08-25 06:22:59.997 Df fskitd[2331:3c7a] [com.apple.FSKit:default] About to get current agent for 501
2026-08-25 06:22:59.998 I  fskit_agent[2332:3c7e] [com.apple.FSKit:default] Getting extensions
2026-08-25 06:22:59.997 I  diskarbitrationd[126:1b69] [com.apple.DiskArbitration.diskarbitrationd:default]   dispatched callback queue.
2026-08-25 06:22:59.998 I  fskitd[2331:3c7a] [com.apple.FSKit:default] About to call to fskit_agent
2026-08-25 06:22:59.999 Db fskitd[2331:3c7a] [com.apple.FSKit:default] -[fskitdAgentManager currentExtensionForShortName:auditToken:replyHandler:]_block_invoke: Found extension for fsShortName (<private>)
2026-08-25 06:23:00.000 Db fskitd[2331:3c7a] [com.apple.FSKit:default] -[FSResourceManager getResourceState:]:not_found:<private>
2026-08-25 06:23:00.000 Db fskitd[2331:3c7a] [com.apple.FSKit:default] -[FSResourceManager addTaskUUID:resource:]:<private>: Adding task (<private>)
2026-08-25 06:23:00.000 I  fskit_agent[2332:3c7e] [com.apple.FSKit:default] Getting extensions
2026-08-25 06:23:00.000 Db fskitd[2331:3c7a] [com.apple.FSKit:default] applyResource starting with resource <private> kind 1
2026-08-25 06:23:00.000 Df fskitd[2331:3c7a] [com.apple.FSKit:default] About to get current agent for 501
2026-08-25 06:23:00.000 I  fskitd[2331:3c7a] [com.apple.FSKit:default] About to call to fskit_agent
2026-08-25 06:23:00.001 Db fskitd[2331:3c7a] [com.apple.FSKit:default] -[fskitdXPCServer getExtensionModuleFromID:forToken:]_block_invoke: Found extension <private>, attrs <private>
2026-08-25 06:23:00.001 I  fskit_agent[2332:3c7e] [com.apple.FSKit:default] Starting startExtension:
2026-08-25 06:23:00.001 Df fskitd[2331:3c7a] [com.apple.FSKit:default] About to get current agent for 501
2026-08-25 06:23:00.001 I  fskit_agent[2332:3c7e] [com.apple.FSKit:default] About to start proc for instance uuid <private>, moduleID <private>
2026-08-25 06:23:00.001 I  fskitd[2331:3c7a] [com.apple.FSKit:default] About to call to fskit_agent, bundle ID <private>, instanceUUID <private>
2026-08-25 06:23:00.013 Df fskitd[2331:3c7a] [com.apple.FSKit:default] About to grab assertion on pid 2346
2026-08-25 06:23:00.013 Db fskitd[2331:3c7a] [com.apple.FSKit:default] +[FSBlockDeviceResource(Project) openWithBSDName:writable:auditToken:replyHandler:]:bsdName:<private>
2026-08-25 06:23:00.014 Db fskit_helper[2338:3c9c] [com.apple.FSKit:default] FSKitHelper:connection:accept
2026-08-25 06:23:00.014 I  fskit_helper[2338:3c9c] [com.apple.FSKit:default] FSKitHelper:message:processing:start
2026-08-25 06:23:00.014 I  fskit_helper[2338:3c9c] [com.apple.FSKit:default] FSKitHelper:message:processing:open:<private>:flags:2:uid:501:gid:20
2026-08-25 06:23:00.015 I  fskit_helper[2338:3c9c] [com.apple.FSKit:default] FSKitHelper:message:processing:done
2026-08-25 06:23:00.015 Db fskitd[2331:3c7a] [com.apple.FSKit:default] +[FSBlockDeviceResource(Project) openWithBSDName:writable:auditToken:replyHandler:]_block_invoke: created a block device resource sucessfully
2026-08-25 06:23:00.015 Db fskitd[2331:3c7a] [com.apple.FSKit:default] +[FSBlockDeviceResource(Project) openWithBSDName:writable:auditToken:replyHandler:]: Setting dispatch queue (<private>) for notification port
2026-08-25 06:23:00.015 Db fskitd[2331:3c7a] [com.apple.FSKit:default] +[FSBlockDeviceResource(Project) openWithBSDName:writable:auditToken:replyHandler:]: Added IOKit notification callback sucessfully
2026-08-25 06:23:00.015 Db fskitd[2331:3c7a] [com.apple.FSKit:default] +[FSBlockDeviceResource(Project) openWithBSDName:writable:auditToken:replyHandler:]:end
2026-08-25 06:23:00.015 I  fskitd[2331:3c7a] [com.apple.FSKit:default] openWith returned err (null) dev <private>
2026-08-25 06:23:00.015 Db fskitd[2331:3c7a] [com.apple.FSKit:default] -[fskitdXPCServer getRealResource:auditToken:reply:]: Updating resource in resource manager <private>
2026-08-25 06:23:00.015 Db fskitd[2331:3c7a] [com.apple.FSKit:default] -[FSResourceManager updateResource:]:start:<private>
2026-08-25 06:23:00.015 Db fskitd[2331:3c7a] [com.apple.FSKit:default] -[FSResourceManager updateResource:]:end:<private>
2026-08-25 06:23:00.015 Df fskitd[2331:3c7a] [com.apple.FSKit:default] About to get current agent for 501
2026-08-25 06:23:00.016 I  fskitd[2331:3c7a] [com.apple.FSKit:default] About to call to fskit_agent
2026-08-25 06:23:00.016 Df fskit_agent[2332:3c7e] [com.apple.FSKit:default] -[fskitAgentConnectionDelegate getNSXPCListenerEndpoint:instanceID:replyHandler:] looking for instance <private>, got <private>
2026-08-25 06:23:00.016 Df fskit_agent[2332:3c7e] [com.apple.FSKit:default] Starting new connection, got conn <private> error (null)
2026-08-25 06:23:00.016 Df fskit_agent[2332:3c7e] [com.apple.FSKit:default] About to fetch endpoint
2026-08-25 06:23:00.039 I  io.macfuse.app.fsmodule.macfuse-local[2346:3cb9] [io.macfuse:fsmodule] Create FileSystem (version=<private>)
2026-08-25 06:23:00.040 Db io.macfuse.app.fsmodule.macfuse-local[2346:3cb9] [com.apple.FSKit:default] moduleExtensionForDelegate called
2026-08-25 06:23:00.043 Db io.macfuse.app.fsmodule.macfuse-local[2346:3cb9] [com.apple.FSKit:default] FSModule initial setup
2026-08-25 06:23:00.043 Df io.macfuse.app.fsmodule.macfuse-local[2346:3cb9] [com.apple.FSKit:default] Have delegate, class <private>
2026-08-25 06:23:00.043 I  io.macfuse.app.fsmodule.macfuse-local[2346:3cb9] [com.apple.FSKit:default] Got delegate '<private>' conformance N 0 S 1 Maintenance 0 URL 0 isConformantFS 1
2026-08-25 06:23:00.043 Df io.macfuse.app.fsmodule.macfuse-local[2346:3cb9] [com.apple.FSKit:default] file system extension backpointer loaded
2026-08-25 06:23:00.043 Df io.macfuse.app.fsmodule.macfuse-local[2346:3cb9] [com.apple.FSKit:default] -[FSModuleExtension didFinishLaunching]: Created FSMachPort = 12551
2026-08-25 06:23:00.043 Db io.macfuse.app.fsmodule.macfuse-local[2346:3cb9] [com.apple.FSKit:default] moduleExtensionForDelegate called
2026-08-25 06:23:00.047 Db io.macfuse.app.fsmodule.macfuse-local[2346:3cb9] [com.apple.FSKit:default] FSModule initial setup
2026-08-25 06:23:00.047 Df io.macfuse.app.fsmodule.macfuse-local[2346:3cb9] [com.apple.FSKit:default] Have delegate, class <private>
2026-08-25 06:23:00.047 I  io.macfuse.app.fsmodule.macfuse-local[2346:3cb9] [com.apple.FSKit:default] Got delegate '<private>' conformance N 0 S 1 Maintenance 0 URL 0 isConformantFS 1
2026-08-25 06:23:00.047 Df io.macfuse.app.fsmodule.macfuse-local[2346:3cb9] [com.apple.FSKit:default] file system extension backpointer loaded
2026-08-25 06:23:00.047 Df io.macfuse.app.fsmodule.macfuse-local[2346:3cb9] [com.apple.FSKit:default] -[FSModuleExtension didFinishLaunching]: Created FSMachPort = 12551
2026-08-25 06:23:00.051 Db io.macfuse.app.fsmodule.macfuse-local[2346:3cbb] [com.apple.FSKit:default] -[FSModuleExtension fskitdIsClient:]: connection application identifier (<private>)
2026-08-25 06:23:00.051 Df io.macfuse.app.fsmodule.macfuse-local[2346:3cbb] [com.apple.FSKit:default] -[FSModuleExtension(Project) shouldAcceptConnection:] returning YES
2026-08-25 06:23:00.051 Df io.macfuse.app.fsmodule.macfuse-local[2346:3cbc] [com.apple.FSKit:default] Set secondary listener up <private>
2026-08-25 06:23:00.051 Df io.macfuse.app.fsmodule.macfuse-local[2346:3cbc] [com.apple.FSKit:default] getModuleListenerEndpoint got listener <private>
2026-08-25 06:23:00.052 Df fskit_agent[2332:3c7d] [com.apple.FSKit:default] endpoint fetch got endpoint <private> error (null)
2026-08-25 06:23:00.052 Df fskitd[2331:3c81] [com.apple.FSKit:default] Got ep <private> error (null)
2026-08-25 06:23:00.052 Df fskitd[2331:3c7a] [com.apple.FSKit:default] non-ours instance connection got <private>
2026-08-25 06:23:00.052 Df fskitd[2331:3c7a] [com.apple.FSKit:default] About to talk to the connection for <private>
2026-08-25 06:23:00.052 Db io.macfuse.app.fsmodule.macfuse-local[2346:3cbc] [com.apple.FSKit:default] -[FSModuleExtension fskitdIsClient:]: connection application identifier (<private>)
2026-08-25 06:23:00.052 Df io.macfuse.app.fsmodule.macfuse-local[2346:3cbc] [com.apple.FSKit:default] -[FSModuleExtension(Project) shouldAcceptConnection:] returning YES
2026-08-25 06:23:00.053 Df io.macfuse.app.fsmodule.macfuse-local[2346:3cbb] [com.apple.FSKit:default] FSModuleExtension.checkIn:extensionID:<private>
2026-08-25 06:23:00.053 Df io.macfuse.app.fsmodule.macfuse-local[2346:3cbb] [com.apple.FSKit:default] FSModuleExtension.checkIn returning (null)
2026-08-25 06:23:00.053 Db fskitd[2331:3c7a] [com.apple.FSKit:default] -[FSResourceManager addResource:]:start:<private>
2026-08-25 06:23:00.053 Db fskitd[2331:3c7a] [com.apple.FSKit:default] -[FSResourceManager addResource:]: Resource <private>, already exists
2026-08-25 06:23:00.053 Db fskitd[2331:3c7a] [com.apple.FSKit:default] -[fskitdXPCServer getInitiatorBundleIDForToken:]:end:not:found
2026-08-25 06:23:00.053 Db fskitd[2331:3c7a] [com.apple.FSKit:default] -[fskitdXPCServer getInitiatorSigningIDForToken:]: SecTaskCopySigningIdentifier:com.apple.mount
2026-08-25 06:23:00.054 Df io.macfuse.app.fsmodule.macfuse-local[2346:3cbb] [com.apple.FSKit:default] -[FSModuleConnector loadResource:options:replyHandler:]:start
2026-08-25 06:23:00.054 Db io.macfuse.app.fsmodule.macfuse-local[2346:3cbb] [com.apple.FSKit:default] -[FSModuleExtension(Project) sendConfigureUserClientWithReplyHandler:]:start:userClient(<private>)
2026-08-25 06:23:00.054 Db io.macfuse.app.fsmodule.macfuse-local[2346:3cbb] [com.apple.FSKit:default] -[FSModuleConnector sendConfigureUserClient:replyHandler:]:start:userClient(<private>)
2026-08-25 06:23:00.055 Db fskitd[2331:3c79] [com.apple.FSKit:default] -[fskitdExtensionClient configureUserClient:replyHandler:]:start
2026-08-25 06:23:00.055 Df fskitd[2331:3c79] [com.apple.FSKit:default] -[fskitdExtensionClient configureUserClient:replyHandler:]: pid 2346 pidversion 4783 enableBlockResource 1
2026-08-25 06:23:00.055 Db fskitd[2331:3c79] [com.apple.FSKit:default] -[fskitdExtensionClient configureUserClient:replyHandler:]:end
2026-08-25 06:23:00.055 Df io.macfuse.app.fsmodule.macfuse-local[2346:3cbb] [com.apple.FSKit:default] -[FSModuleConnector loadResource:options:replyHandler:]_block_invoke_2: configureUserClient for FSModule io.macfuse.app.fsmodule.macfuse-local returned error ((null))
2026-08-25 06:23:00.055 Db io.macfuse.app.fsmodule.macfuse-local[2346:3cbb] [com.apple.FSKit:default] -[FSModuleConnector sendConfigureUserClient:replyHandler:]:end
2026-08-25 06:23:00.055 Db io.macfuse.app.fsmodule.macfuse-local[2346:3cbb] [com.apple.FSKit:default] -[FSModuleExtension(Project) sendConfigureUserClientWithReplyHandler:]:end
2026-08-25 06:23:00.057 I  io.macfuse.app.fsmodule.macfuse-local[2346:3cbb] [io.macfuse:fsmodule] Create volume with identifier <private>
2026-08-25 06:23:00.057 I  io.macfuse.app.fsmodule.macfuse-local[2346:3cbb] [io.macfuse:fsmodule] Connect with file system process
2026-08-25 06:23:00.073 I  io.macfuse.app.launchservice.daemon[2311:3c39] [io.macfuse:daemon] Discover server for volume <private>
2026-08-25 06:23:00.082 I  diskarbitrationd[126:1b69] [com.apple.DiskArbitration.diskarbitrationd:default] diskutil [2349]:43567 -> diskarbitrationd [126]
2026-08-25 06:23:00.082 I  diskarbitrationd[126:1b69] [com.apple.DiskArbitration.diskarbitrationd:default]   created session, id = diskutil [2349]:43567.
2026-08-25 06:23:00.082 I  diskarbitrationd[126:1b69] [com.apple.DiskArbitration.diskarbitrationd:default]   removed session, id = diskutil [2349]:43567.
2026-08-25 06:23:00.085 I  io.macfuse.app.fsmodule.macfuse-local[2346:3cbb] [io.macfuse:fsmodule] Server for volume <private> has been discovered
2026-08-25 06:23:00.085 I  io.macfuse.app.fsmodule.macfuse-local[2346:3cbb] [io.macfuse:fsmodule] Channel created
2026-08-25 06:23:00.085 I  LoopbackFS3[2294:3c1f] [io.macfuse:mount] Connection to file system extension established
2026-08-25 06:23:00.085 I  io.macfuse.app.fsmodule.macfuse-local[2346:3cc0] [io.macfuse:fsmodule] Update volume statisitics
2026-08-25 06:23:00.086 Db io.macfuse.app.fsmodule.macfuse-local[2346:3cbb] [com.apple.FSKit:default] -[FSModuleExtension(Project) sendIsVolumeUsed:bundle:replyHandler:]:start:volumeID(<private>):bundleID(<private>)
2026-08-25 06:23:00.086 Db io.macfuse.app.fsmodule.macfuse-local[2346:3cbb] [com.apple.FSKit:default] -[FSModuleConnector sendIsVolumeUsed:bundle:replyHandler:]:start:volumeID(<private>):bundleID(<private>)
2026-08-25 06:23:00.086 Db fskitd[2331:3c79] [com.apple.FSKit:default] -[fskitdExtensionClient isVolumeIDUsed:bundle:replyHandler:]:start
2026-08-25 06:23:00.086 Db fskitd[2331:3c79] [com.apple.FSKit:default] -[fskitdExtensionManager isVolumeIDUsed:bundle:user:replyHandler:]:volumeID(<private>)bundleID(<private>):start
2026-08-25 06:23:00.087 Df io.macfuse.app.fsmodule.macfuse-local[2346:3cbb] [com.apple.FSKit:default] Built listener <private>
2026-08-25 06:23:00.086 Db fskitd[2331:3c79] [com.apple.FSKit:default] -[fskitdExtensionClient isVolumeIDUsed:bundle:replyHandler:]:end
2026-08-25 06:23:00.087 Db io.macfuse.app.fsmodule.macfuse-local[2346:3cbb] [com.apple.FSKit:default] -[FSModuleConnector loadResource:options:replyHandler:]_block_invoke: Adding volume <private> to module volumes
2026-08-25 06:23:00.087 Db io.macfuse.app.fsmodule.macfuse-local[2346:3cbb] [com.apple.FSKit:default] -[FSModuleConnector sendIsVolumeUsed:bundle:replyHandler:]:end
2026-08-25 06:23:00.087 Db io.macfuse.app.fsmodule.macfuse-local[2346:3cbb] [com.apple.FSKit:default] -[FSModuleExtension(Project) sendIsVolumeUsed:bundle:replyHandler:]:end
2026-08-25 06:23:00.087 Db io.macfuse.app.fsmodule.macfuse-local[2346:3cbb] [com.apple.FSKit:default] -[FSModuleConnector loadResource:options:replyHandler:]_block_invoke: module volume now has 1 volumes
2026-08-25 06:23:00.087 Db io.macfuse.app.fsmodule.macfuse-local[2346:3cbb] [com.apple.FSKit:default] -[FSModuleConnector loadResource:options:replyHandler:]_block_invoke: Setting up the module resource to (<private>)
2026-08-25 06:23:00.089 I  fskitd[2331:3c79] [com.apple.FSKit:default] Got task update id <private> state 3 purpose FSTaskLoad
2026-08-25 06:23:00.089 Db fskitd[2331:3c79] [com.apple.FSKit:default] -[FSResourceManager removeTaskUUID:]_block_invoke:found:<private>:<private>
2026-08-25 06:23:00.089 Db fskitd[2331:3c79] [com.apple.FSKit:default] -[fskitdXPCServer _loadResource:usingBundle:options:auditToken:replyHandler:]_block_invoke: Adding volumeID <private> to our instance
2026-08-25 06:23:00.089 Df diskarbitrationd[126:1b69] [com.apple.DiskArbitration.diskarbitrationd:default]   fskitd [2331]:39807 queued solicitation, id = 0000000000000002:0000000000000002, kind = disk fskit additions changed, disk = /dev/disk4, options = 0x00000000.
2026-08-25 06:23:00.089 I  diskarbitrationd[126:1b69] [com.apple.DiskArbitration.diskarbitrationd:default] diskarbitrationd [126] -> fskitd [2331]:39807
2026-08-25 06:23:00.089 I  diskarbitrationd[126:1b69] [com.apple.DiskArbitration.diskarbitrationd:default]   dispatched callback, id = 0000000000000002:0000000000000002, kind = disk fskit additions changed, disk = /dev/disk4, success.
2026-08-25 06:23:00.090 I  diskarbitrationd[126:1b69] [com.apple.DiskArbitration.diskarbitrationd:default]   dispatched callback queue.
2026-08-25 06:23:00.093 I  diskarbitrationd[126:1b69] [com.apple.DiskArbitration.diskarbitrationd:default] diskutil [2349]:41883 -> diskarbitrationd [126]
2026-08-25 06:23:00.093 I  diskarbitrationd[126:1b69] [com.apple.DiskArbitration.diskarbitrationd:default]   created session, id = diskutil [2349]:41883.
2026-08-25 06:23:00.093 I  diskarbitrationd[126:1b69] [com.apple.DiskArbitration.diskarbitrationd:default]   set client port, id = diskutil [2349]:41883.
2026-08-25 06:23:00.094 Df fskitd[2331:3c79] [com.apple.FSKit:default] About to get current agent for 501
2026-08-25 06:23:00.094 I  fskitd[2331:3c79] [com.apple.FSKit:default] About to call to fskit_agent
2026-08-25 06:23:00.094 I  fskit_agent[2332:3c7d] [com.apple.FSKit:default] Getting extensions
2026-08-25 06:23:00.095 Db fskitd[2331:3c79] [com.apple.FSKit:default] -[fskitdAgentManager currentExtensionForShortName:auditToken:replyHandler:]_block_invoke: Found extension for fsShortName (<private>)
2026-08-25 06:23:00.095 Db fskitd[2331:3c79] [com.apple.FSKit:default] -[fskitdExtensionManager existingExtensionForBundle:user:volume:replyHandler:]: Found an instance (<private>) with the right bundleID (501), uid <private>, and volumeID (<private>)
2026-08-25 06:23:00.095 Db fskitd[2331:3c79] [com.apple.FSKit:default] -[FSResourceManager getResource:]:found:<private>
2026-08-25 06:23:00.095 Db fskitd[2331:3c79] [com.apple.FSKit:default] -[FSResourceManager getResourceState:]:found:<private>
2026-08-25 06:23:00.095 Db fskitd[2331:3c79] [com.apple.FSKit:default] -[fskitdXPCServer canStartActivateTask:resource:]:<private>: Found the resource to activate
2026-08-25 06:23:00.095 Db fskitd[2331:3c79] [com.apple.FSKit:default] -[FSResourceManager addTaskUUID:resource:]:<private>: Adding task (<private>)
2026-08-25 06:23:00.095 Db fskitd[2331:3c79] [com.apple.FSKit:default] applyResource starting with resource <private> kind 1
2026-08-25 06:23:00.096 Df fskitd[2331:3c79] [com.apple.FSKit:default] About to get current agent for 501
2026-08-25 06:23:00.096 I  fskitd[2331:3c79] [com.apple.FSKit:default] About to call to fskit_agent
2026-08-25 06:23:00.096 I  fskit_agent[2332:3c7d] [com.apple.FSKit:default] Getting extensions
2026-08-25 06:23:00.098 Db fskitd[2331:3c79] [com.apple.FSKit:default] -[fskitdXPCServer getExtensionModuleFromID:forToken:]_block_invoke: Found extension <private>, attrs <private>
2026-08-25 06:23:00.098 Db fskitd[2331:3c79] [com.apple.FSKit:default] -[fskitdXPCServer getRealResource:auditToken:reply:]: Recieved resource (<private>) is a 'real' resource, returning it.
2026-08-25 06:23:00.098 Df fskitd[2331:3c79] [com.apple.FSKit:default] About to talk to the connection for <private>
2026-08-25 06:23:00.098 Df io.macfuse.app.fsmodule.macfuse-local[2346:3cbb] [com.apple.FSKit:default] FSModuleExtension.checkIn:extensionID:<private>
2026-08-25 06:23:00.098 Df io.macfuse.app.fsmodule.macfuse-local[2346:3cbb] [com.apple.FSKit:default] FSModuleExtension.checkIn returning (null)
2026-08-25 06:23:00.098 Db fskitd[2331:3c79] [com.apple.FSKit:default] -[FSResourceManager addResource:]:start:<private>
2026-08-25 06:23:00.098 Db fskitd[2331:3c79] [com.apple.FSKit:default] -[FSResourceManager addResource:]: Resource <private>, already exists
2026-08-25 06:23:00.098 Db fskitd[2331:3c79] [com.apple.FSKit:default] -[fskitdXPCServer getInitiatorBundleIDForToken:]:end:not:found
2026-08-25 06:23:00.098 Db fskitd[2331:3c79] [com.apple.FSKit:default] -[fskitdXPCServer getInitiatorSigningIDForToken:]: SecTaskCopySigningIdentifier:com.apple.mount
2026-08-25 06:23:00.099 Df io.macfuse.app.fsmodule.macfuse-local[2346:3cbb] [com.apple.FSKit:default] -[FSModuleConnector activateVolume:resource:options:replyHandler:]:start
2026-08-25 06:23:00.099 Db io.macfuse.app.fsmodule.macfuse-local[2346:3cc0] [com.apple.FSKit:default] -[FSModuleConnector activateVolume:resource:options:replyHandler:]_block_invoke: activate volume (<private>) found root item (<private>)
2026-08-25 06:23:00.099 Db io.macfuse.app.fsmodule.macfuse-local[2346:3cc0] [com.apple.FSKit:default] -[FSBlockDeviceResource(Project) startUsingResource:]: started using <private> purpose activateVolume
2026-08-25 06:23:00.100 Db io.macfuse.app.fsmodule.macfuse-local[2346:3cc0] [com.apple.FSKit:default] -[FSModuleConnector activateVolume:resource:options:replyHandler:]_block_invoke_2:error:0:rootItem:<private>
2026-08-25 06:23:00.100 I  fskitd[2331:3c81] [com.apple.FSKit:default] Got task update id <private> state 3 purpose FSTaskActivate
2026-08-25 06:23:00.100 Db fskitd[2331:3c81] [com.apple.FSKit:default] -[FSResourceManager removeTaskUUID:]_block_invoke:found:<private>:<private>
2026-08-25 06:23:00.101 Df diskarbitrationd[126:1b69] [com.apple.DiskArbitration.diskarbitrationd:default]   fskitd [2331]:39807 queued solicitation, id = 0000000000000002:0000000000000002, kind = disk fskit additions changed, disk = /dev/disk4, options = 0x00000000.
2026-08-25 06:23:00.101 I  diskarbitrationd[126:1b69] [com.apple.DiskArbitration.diskarbitrationd:default] diskarbitrationd [126] -> fskitd [2331]:39807
2026-08-25 06:23:00.101 I  diskarbitrationd[126:1b69] [com.apple.DiskArbitration.diskarbitrationd:default]   dispatched callback, id = 0000000000000002:0000000000000002, kind = disk fskit additions changed, disk = /dev/disk4, success.
2026-08-25 06:23:00.101 I  diskarbitrationd[126:1b69] [com.apple.DiskArbitration.diskarbitrationd:default]   dispatched callback queue.
2026-08-25 06:23:00.101 Db fskitd[2331:3c7a] [com.apple.FSKit:default] -[liveFilesMountServiceDelegate listener:shouldAcceptNewConnection:]: start
2026-08-25 06:23:00.101 Df fskitd[2331:3c7a] [com.apple.FSKit:default] Incomming connection, entitled 0
2026-08-25 06:23:00.101 Db fskitd[2331:3c7a] [com.apple.FSKit:default] -[liveFilesMountServiceDelegate listener:shouldAcceptNewConnection:]: accepting connection
2026-08-25 06:23:00.106 I  diskarbitrationd[126:1b69] [com.apple.DiskArbitration.diskarbitrationd:default] storagekitd [276]:37679 -> diskarbitrationd [126]
2026-08-25 06:23:00.106 I  diskarbitrationd[126:1b69] [com.apple.DiskArbitration.diskarbitrationd:default]   created session, id = storagekitd [276]:37679.
2026-08-25 06:23:00.107 I  diskarbitrationd[126:1b69] [com.apple.DiskArbitration.diskarbitrationd:default]   set client port, id = storagekitd [276]:37679.
2026-08-25 06:23:00.114 I  diskarbitrationd[126:1b69] [com.apple.DiskArbitration.diskarbitrationd:default] storagekitd [276]:12059 -> diskarbitrationd [126]
2026-08-25 06:23:00.114 I  diskarbitrationd[126:1b69] [com.apple.DiskArbitration.diskarbitrationd:default]   unregistered callback, id = 0000000000000005:0000000000000005.
2026-08-25 06:23:00.114 I  diskarbitrationd[126:1b69] [com.apple.DiskArbitration.diskarbitrationd:default]   registered callback, id = 0000000000000005:0000000000000005, kind = idle.
2026-08-25 06:23:00.114 I  diskarbitrationd[126:1b69] [com.apple.DiskArbitration.diskarbitrationd:default] diskarbitrationd [126] -> storagekitd [276]:12059
2026-08-25 06:23:00.114 I  diskarbitrationd[126:1b69] [com.apple.DiskArbitration.diskarbitrationd:default]   dispatched callback, id = 0000000000000005:0000000000000005, kind = idle.
2026-08-25 06:23:00.115 I  diskarbitrationd[126:1b69] [com.apple.DiskArbitration.diskarbitrationd:default]   dispatched callback queue.
2026-08-25 06:23:00.116 Df fskitd[2331:3c81] [com.apple.FSKit:default] About to get current agent for 501
2026-08-25 06:23:00.116 I  fskit_agent[2332:3c7d] [com.apple.FSKit:default] Getting extensions
2026-08-25 06:23:00.116 I  fskitd[2331:3c81] [com.apple.FSKit:default] About to call to fskit_agent
2026-08-25 06:23:00.117 I  diskarbitrationd[126:1b69] [com.apple.DiskArbitration.diskarbitrationd:default] diskutil [2349]:41883 -> diskarbitrationd [126]
2026-08-25 06:23:00.117 I  diskarbitrationd[126:1b69] [com.apple.DiskArbitration.diskarbitrationd:default]   removed session, id = diskutil [2349]:41883.
2026-08-25 06:23:00.117 Db fskitd[2331:3c81] [com.apple.FSKit:default] -[fskitdAgentManager currentExtensionForShortName:auditToken:replyHandler:]_block_invoke: Found extension for fsShortName (<private>)
2026-08-25 06:23:00.117 Db fskitd[2331:3c79] [com.apple.FSKit:default] -[fskitdExtensionManager existingExtensionForBundle:user:volume:replyHandler:]: Found an instance (<private>) with the right bundleID (501), uid <private>, and volumeID (<private>)
2026-08-25 06:23:00.117 Db fskitd[2331:3c79] [com.apple.FSKit:default] -[FSResourceManager getResource:]:found:<private>
2026-08-25 06:23:00.117 Db fskitd[2331:3c79] [com.apple.FSKit:default] -[FSResourceManager getResourceState:]:found:<private>
2026-08-25 06:23:00.117 Db fskitd[2331:3c79] [com.apple.FSKit:default] -[fskitdXPCServer canStartDeactivateTask:resource:]:<private>: Found the resource to activate
2026-08-25 06:23:00.117 Db fskitd[2331:3c79] [com.apple.FSKit:default] -[FSResourceManager addTaskUUID:resource:]:<private>: Adding task (<private>)
2026-08-25 06:23:00.117 Db fskitd[2331:3c79] [com.apple.FSKit:default] -[fskitdExtensionManager existingExtensionForBundle:user:volume:replyHandler:]: Found an instance (<private>) with the right bundleID (501), uid <private>, and volumeID (<private>)
2026-08-25 06:23:00.117 Db fskitd[2331:3c79] [com.apple.FSKit:default] applyResource starting with resource <private> kind 1
2026-08-25 06:23:00.117 Df fskitd[2331:3c79] [com.apple.FSKit:default] About to get current agent for 501
2026-08-25 06:23:00.118 I  fskitd[2331:3c79] [com.apple.FSKit:default] About to call to fskit_agent
2026-08-25 06:23:00.118 I  fskit_agent[2332:3c7d] [com.apple.FSKit:default] Getting extensions
2026-08-25 06:23:00.118 I  diskarbitrationd[126:1b69] [com.apple.DiskArbitration.diskarbitrationd:default] storagekitd [276]:37679 -> diskarbitrationd [126]
2026-08-25 06:23:00.119 I  diskarbitrationd[126:1b69] [com.apple.DiskArbitration.diskarbitrationd:default]   removed session, id = storagekitd [276]:37679.
2026-08-25 06:23:00.119 Db fskitd[2331:3c79] [com.apple.FSKit:default] -[fskitdXPCServer getExtensionModuleFromID:forToken:]_block_invoke: Found extension <private>, attrs <private>
2026-08-25 06:23:00.119 Db fskitd[2331:3c79] [com.apple.FSKit:default] -[fskitdXPCServer getRealResource:auditToken:reply:]: Recieved resource (<private>) is a 'real' resource, returning it.
2026-08-25 06:23:00.119 Df fskitd[2331:3c79] [com.apple.FSKit:default] About to talk to the connection for <private>
2026-08-25 06:23:00.119 Df io.macfuse.app.fsmodule.macfuse-local[2346:3cc0] [com.apple.FSKit:default] FSModuleExtension.checkIn:extensionID:<private>
2026-08-25 06:23:00.119 Df io.macfuse.app.fsmodule.macfuse-local[2346:3cc0] [com.apple.FSKit:default] FSModuleExtension.checkIn returning (null)
2026-08-25 06:23:00.119 Db fskitd[2331:3c79] [com.apple.FSKit:default] -[fskitdXPCServer getInitiatorBundleIDForToken:]:end:not:found
2026-08-25 06:23:00.119 Db fskitd[2331:3c79] [com.apple.FSKit:default] -[fskitdXPCServer getInitiatorSigningIDForToken:]: SecTaskCopySigningIdentifier:com.apple.mount
2026-08-25 06:23:00.119 Df io.macfuse.app.fsmodule.macfuse-local[2346:3cc0] [com.apple.FSKit:default] -[FSModuleConnector deactivateVolume:numericOptions:replyHandler:]:start
2026-08-25 06:23:00.119 I  io.macfuse.app.fsmodule.macfuse-local[2346:3cbb] [io.macfuse:channel] Connection to file system server invalidated
2026-08-25 06:23:00.119 I  LoopbackFS3[2294:3c1f] [io.macfuse:mount] Connection to file system extension invalidated
2026-08-25 06:23:00.119 Db io.macfuse.app.fsmodule.macfuse-local[2346:3cc0] [com.apple.FSKit:default] -[FSBlockDeviceResource(Project) stopUsingResource:]: stopped using <private>
2026-08-25 06:23:00.120 I  io.macfuse.app.launchservice.daemon[2311:3c3a] [io.macfuse:daemon] Deactivating virtual device <private>
2026-08-25 06:23:00.120 I  fskitd[2331:3c81] [com.apple.FSKit:default] Got task update id <private> state 3 purpose FSTaskDeactivate
2026-08-25 06:23:00.120 Db fskitd[2331:3c81] [com.apple.FSKit:default] -[FSResourceManager removeTaskUUID:]_block_invoke:found:<private>:<private>
2026-08-25 06:23:00.120 Db fskitd[2331:3c81] [com.apple.FSKit:default] -[FSResourceManager updateResource:]:start:<private>
2026-08-25 06:23:00.120 Db fskitd[2331:3c81] [com.apple.FSKit:default] -[FSResourceManager updateResource:]:end:<private>
2026-08-25 06:23:00.120 Df diskarbitrationd[126:1b69] [com.apple.DiskArbitration.diskarbitrationd:default]   fskitd [2331]:39807 queued solicitation, id = 0000000000000002:0000000000000002, kind = disk fskit additions changed, disk = /dev/disk4, options = 0x00000000.
2026-08-25 06:23:00.120 I  diskarbitrationd[126:1b69] [com.apple.DiskArbitration.diskarbitrationd:default] diskarbitrationd [126] -> fskitd [2331]:39807
2026-08-25 06:23:00.120 I  diskarbitrationd[126:1b69] [com.apple.DiskArbitration.diskarbitrationd:default]   dispatched callback, id = 0000000000000002:0000000000000002, kind = disk fskit additions changed, disk = /dev/disk4, success.
2026-08-25 06:23:00.120 Df fskitd[2331:3c7a] [com.apple.FSKit:default] About to get current agent for 501
2026-08-25 06:23:00.120 I  fskit_agent[2332:3c7d] [com.apple.FSKit:default] Getting extensions
2026-08-25 06:23:00.120 I  fskitd[2331:3c7a] [com.apple.FSKit:default] About to call to fskit_agent
2026-08-25 06:23:00.121 I  diskarbitrationd[126:1b69] [com.apple.DiskArbitration.diskarbitrationd:default]   dispatched callback queue.
2026-08-25 06:23:00.122 Db fskitd[2331:3c7a] [com.apple.FSKit:default] -[fskitdAgentManager currentExtensionForShortName:auditToken:replyHandler:]_block_invoke: Found extension for fsShortName (<private>)
2026-08-25 06:23:00.122 Db fskitd[2331:3c79] [com.apple.FSKit:default] -[fskitdExtensionManager existingExtensionForBundle:user:resource:replyHandler:]: Found an instance (<private>) with our resource (<private>)
2026-08-25 06:23:00.122 Db fskitd[2331:3c79] [com.apple.FSKit:default] -[FSResourceManager getResourceState:]:found:<private>
2026-08-25 06:23:00.122 I  fskit_agent[2332:3c7d] [com.apple.FSKit:default] Getting extensions
2026-08-25 06:23:00.122 Db fskitd[2331:3c79] [com.apple.FSKit:default] -[fskitdXPCServer canStartUnloadTask:resource:]:<private>: Found the resource to unload
2026-08-25 06:23:00.122 Db fskitd[2331:3c79] [com.apple.FSKit:default] -[FSResourceManager addTaskUUID:resource:]:<private>: Adding task (<private>)
2026-08-25 06:23:00.122 Db fskitd[2331:3c79] [com.apple.FSKit:default] applyResource starting with resource <private> kind 1
2026-08-25 06:23:00.122 Df fskitd[2331:3c79] [com.apple.FSKit:default] About to get current agent for 501
2026-08-25 06:23:00.122 I  fskitd[2331:3c79] [com.apple.FSKit:default] About to call to fskit_agent
2026-08-25 06:23:00.123 Db fskitd[2331:3c79] [com.apple.FSKit:default] -[fskitdXPCServer getExtensionModuleFromID:forToken:]_block_invoke: Found extension <private>, attrs <private>
2026-08-25 06:23:00.123 Db fskitd[2331:3c79] [com.apple.FSKit:default] +[FSBlockDeviceResource(Project) openWithBSDName:writable:auditToken:replyHandler:]:bsdName:<private>
2026-08-25 06:23:00.123 Db fskit_helper[2338:3c9a] [com.apple.FSKit:default] FSKitHelper:connection:accept
2026-08-25 06:23:00.124 I  fskit_helper[2338:3c9a] [com.apple.FSKit:default] FSKitHelper:message:processing:start
2026-08-25 06:23:00.124 I  fskit_helper[2338:3c9a] [com.apple.FSKit:default] FSKitHelper:message:processing:open:<private>:flags:2:uid:501:gid:20
2026-08-25 06:23:00.124 I  fskit_helper[2338:3c9a] [com.apple.FSKit:default] FSKitHelper:message:processing:done
2026-08-25 06:23:00.124 Db fskitd[2331:3c79] [com.apple.FSKit:default] +[FSBlockDeviceResource(Project) openWithBSDName:writable:auditToken:replyHandler:]_block_invoke: created a block device resource sucessfully
2026-08-25 06:23:00.124 Db fskitd[2331:3c79] [com.apple.FSKit:default] +[FSBlockDeviceResource(Project) openWithBSDName:writable:auditToken:replyHandler:]: Setting dispatch queue (<private>) for notification port
2026-08-25 06:23:00.124 Db fskitd[2331:3c79] [com.apple.FSKit:default] +[FSBlockDeviceResource(Project) openWithBSDName:writable:auditToken:replyHandler:]: Added IOKit notification callback sucessfully
2026-08-25 06:23:00.124 Db fskitd[2331:3c79] [com.apple.FSKit:default] +[FSBlockDeviceResource(Project) openWithBSDName:writable:auditToken:replyHandler:]:end
2026-08-25 06:23:00.124 I  fskitd[2331:3c79] [com.apple.FSKit:default] openWith returned err (null) dev <private>
2026-08-25 06:23:00.124 Db fskitd[2331:3c79] [com.apple.FSKit:default] -[fskitdXPCServer getRealResource:auditToken:reply:]: Updating resource in resource manager <private>
2026-08-25 06:23:00.125 Df io.macfuse.app.fsmodule.macfuse-local[2346:3cbc] [com.apple.FSKit:default] FSModuleExtension.checkIn:extensionID:<private>
2026-08-25 06:23:00.124 Db fskitd[2331:3c79] [com.apple.FSKit:default] -[FSResourceManager updateResource:]:start:<private>
2026-08-25 06:23:00.125 Df io.macfuse.app.fsmodule.macfuse-local[2346:3cbc] [com.apple.FSKit:default] FSModuleExtension.checkIn returning (null)
2026-08-25 06:23:00.124 Db fskitd[2331:3c79] [com.apple.FSKit:default] -[FSBlockDeviceResource releaseNotification]:released
2026-08-25 06:23:00.124 Db fskitd[2331:3c79] [com.apple.FSKit:default] -[FSResourceManager updateResource:]:end:<private>
2026-08-25 06:23:00.125 Df io.macfuse.app.fsmodule.macfuse-local[2346:3cbc] [com.apple.FSKit:default] -[FSModuleConnector unloadResource:options:replyHandler:]:start
2026-08-25 06:23:00.124 Df fskitd[2331:3c79] [com.apple.FSKit:default] About to talk to the connection for <private>
2026-08-25 06:23:00.125 Db io.macfuse.app.fsmodule.macfuse-local[2346:3cc0] [com.apple.FSKit:default] -[FSModuleConnector sendRevokeResource:]:start:resource(<private>)
2026-08-25 06:23:00.125 Db fskitd[2331:3c79] [com.apple.FSKit:default] -[fskitdXPCServer getInitiatorBundleIDForToken:]:end:not:found
2026-08-25 06:23:00.125 Db fskitd[2331:3c79] [com.apple.FSKit:default] -[fskitdXPCServer getInitiatorSigningIDForToken:]: SecTaskCopySigningIdentifier:com.apple.mount
2026-08-25 06:23:00.125 Db fskitd[2331:3c81] [com.apple.FSKit:default] -[fskitdExtensionClient revokeResource:replyHandler:]:start:resource(<private>)
2026-08-25 06:23:00.125 Db fskitd[2331:3c81] [com.apple.FSKit:default] +[fskitdExtensionClient closeResource:andRevoke:]:start:resource:<private>
2026-08-25 06:23:00.125 Db fskit_helper[2338:3c9c] [com.apple.FSKit:default] FSKitHelper:connection:accept
2026-08-25 06:23:00.125 Db fskitd[2331:3c81] [com.apple.FSKit:default] -[FSResourceManager removeResource:]:start:<private>
2026-08-25 06:23:00.125 I  fskit_helper[2338:3c9c] [com.apple.FSKit:default] -[FSKitHelper revoke:replyHandler:]_block_invoke:start:resource(0xa80038100):resourceID(<private>)
2026-08-25 06:23:00.125 Db fskitd[2331:3c81] [com.apple.FSKit:default] -[FSBlockDeviceResource revoke]:start:(<private>)
2026-08-25 06:23:00.127 I  fskit_helper[2338:3c9c] [com.apple.FSKit:default] -[FSKitHelper revoke:replyHandler:]_block_invoke:reply(0)
2026-08-25 06:23:00.127 Db fskitd[2331:3c81] [com.apple.FSKit:default] -[FSBlockDeviceResource revoke]_block_invoke:replyHandler:block:error:0
2026-08-25 06:23:00.127 Db io.macfuse.app.fsmodule.macfuse-local[2346:3cc0] [com.apple.FSKit:default] -[FSModuleConnector sendRevokeResource:]:end
2026-08-25 06:23:00.127 Db fskitd[2331:3c81] [com.apple.FSKit:default] -[FSBlockDeviceResource revoke]:end
2026-08-25 06:23:00.127 Db io.macfuse.app.fsmodule.macfuse-local[2346:3cc0] [com.apple.FSKit:default] -[FSModuleConnector unloadResource:options:replyHandler:]_block_invoke: Setting up the module resource to nil
2026-08-25 06:23:00.127 Db fskitd[2331:3c81] [com.apple.FSKit:default] -[fskitdExtensionClient revokeResource:replyHandler:]:end:resource(<private>)
2026-08-25 06:23:00.128 I  fskitd[2331:3c81] [com.apple.FSKit:default] Got task update id <private> state 3 purpose FSTaskUnload
2026-08-25 06:23:00.128 Df diskarbitrationd[126:1b69] [com.apple.DiskArbitration.diskarbitrationd:default]   fskitd [2331]:39807 queued solicitation, id = 0000000000000002:0000000000000002, kind = disk fskit additions changed, disk = /dev/disk4, options = 0x00000000.
2026-08-25 06:23:00.128 Df fskitd[2331:3c79] [com.apple.FSKit:default] About to get current agent for 501
2026-08-25 06:23:00.128 I  diskarbitrationd[126:1b69] [com.apple.DiskArbitration.diskarbitrationd:default]   dispatched callback, id = 0000000000000002:0000000000000002, kind = disk fskit additions changed, disk = /dev/disk4, success.
2026-08-25 06:23:00.128 I  fskitd[2331:3c79] [com.apple.FSKit:default] About to call to fskit_agent
2026-08-25 06:23:00.128 I  diskarbitrationd[126:1b69] [com.apple.DiskArbitration.diskarbitrationd:default]   dispatched callback queue.
2026-08-25 06:23:00.129 Db fskitd[2331:3c79] [com.apple.FSKit:default] -[fskitdExtensionInstance terminate]:start:2346
2026-08-25 06:23:00.130 Db fskitd[2331:3c79] [com.apple.FSKit:default] -[fskitdExtensionInstance terminate]:end
2026-08-25 06:23:00.130 I  io.macfuse.app.launchservice.daemon[2311:3c39] [io.macfuse:daemon] Detach virtual device
2026-08-25 06:23:00.130 Db fskitd[2331:3c79] [com.apple.FSKit:default] -[FSBlockDeviceResource releaseNotification]:released
2026-08-25 06:23:00.131 E  io.macfuse.app.launchservice.daemon[2311:3c39] [io.macfuse:daemon] Failed to mount volume <private>: Error Domain=MFDaemon.MountError Code=4
2026-08-25 06:23:00.131 I  io.macfuse.app.launchservice.daemon[2311:3c39] [io.macfuse:daemon] Deactivating virtual device <private>
2026-08-25 06:23:00.139 I  diskarbitrationd[126:1b69] [com.apple.DiskArbitration.diskarbitrationd:default] hdiutil [2351]:128275 -> diskarbitrationd [126]
2026-08-25 06:23:00.139 I  diskarbitrationd[126:1b69] [com.apple.DiskArbitration.diskarbitrationd:default]   created session, id = hdiutil [2351]:128275.
2026-08-25 06:23:00.139 I  diskarbitrationd[126:1b69] [com.apple.DiskArbitration.diskarbitrationd:default]   set client port, id = hdiutil [2351]:128275.
2026-08-25 06:23:00.139 I  io.macfuse.app.launchservice.daemon[2311:3c43] [io.macfuse:daemon] Detach virtual device
2026-08-25 06:23:00.140 Df diskarbitrationd[126:1b69] [com.apple.DiskArbitration.diskarbitrationd:default]   hdiutil [2351]:128275 queued solicitation, id = 0000000000000001:0000000000000001, kind = disk unmount, disk = /dev/disk4, options = 0x00000001.
2026-08-25 06:23:00.140 I  diskarbitrationd[126:1b69] [com.apple.DiskArbitration.diskarbitrationd:default] diskarbitrationd [126] -> hdiutil [2351]:128275
2026-08-25 06:23:00.140 I  diskarbitrationd[126:1b69] [com.apple.DiskArbitration.diskarbitrationd:default]   dispatched callback, id = 0000000000000001:0000000000000001, kind = disk unmount, disk = /dev/disk4, success.
2026-08-25 06:23:00.140 I  diskarbitrationd[126:1b69] [com.apple.DiskArbitration.diskarbitrationd:default]   dispatched callback queue.
2026-08-25 06:23:00.140 Df diskarbitrationd[126:1b69] [com.apple.DiskArbitration.diskarbitrationd:default]   hdiutil [2351]:128275 queued solicitation, id = 0000000000000002:0000000000000002, kind = disk eject, disk = /dev/disk4, options = 0x00000000.
2026-08-25 06:23:00.140 I  diskarbitrationd[126:1b69] [com.apple.DiskArbitration.diskarbitrationd:default] diskarbitrationd [126] -> storagekitd [276]:12059
2026-08-25 06:23:00.140 I  diskarbitrationd[126:1b69] [com.apple.DiskArbitration.diskarbitrationd:default]   dispatched callback, id = 0000000000000006:0000000000000006, kind = disk eject approval, disk = /dev/disk4.
2026-08-25 06:23:00.140 I  diskarbitrationd[126:1b69] [com.apple.DiskArbitration.diskarbitrationd:default] diskarbitrationd [126] -> diskutil [310]:40707
2026-08-25 06:23:00.140 I  diskarbitrationd[126:1b69] [com.apple.DiskArbitration.diskarbitrationd:default]   dispatched callback, id = 0000000000000003:0000000000000003, kind = disk eject approval, disk = /dev/disk4.
2026-08-25 06:23:00.140 I  diskarbitrationd[126:1b69] [com.apple.DiskArbitration.diskarbitrationd:default] diskarbitrationd [126] -> SystemUIServer [489]:7435
2026-08-25 06:23:00.140 I  diskarbitrationd[126:1b69] [com.apple.DiskArbitration.diskarbitrationd:default]   dispatched callback, id = 0000000000000006:0000000000000006, kind = disk eject approval, disk = /dev/disk4.
2026-08-25 06:23:00.140 I  diskarbitrationd[126:1b69] [com.apple.DiskArbitration.diskarbitrationd:default] diskarbitrationd [126] -> Finder [490]:47363
2026-08-25 06:23:00.140 I  diskarbitrationd[126:1b69] [com.apple.DiskArbitration.diskarbitrationd:default]   dispatched callback, id = 0000000000000001:0000000000000001, kind = disk eject approval, disk = /dev/disk4.
2026-08-25 06:23:00.141 I  diskarbitrationd[126:1b69] [com.apple.DiskArbitration.diskarbitrationd:default]   dispatched callback queue.
2026-08-25 06:23:00.141 I  diskarbitrationd[126:1b69] [com.apple.DiskArbitration.diskarbitrationd:default] diskarbitrationd [126] -> diskutil [310]:40707
2026-08-25 06:23:00.141 I  diskarbitrationd[126:1b69] [com.apple.DiskArbitration.diskarbitrationd:default]   dispatched callback queue.
2026-08-25 06:23:00.141 I  diskarbitrationd[126:1b69] [com.apple.DiskArbitration.diskarbitrationd:default] diskarbitrationd [126] -> SystemUIServer [489]:7435
2026-08-25 06:23:00.141 I  diskarbitrationd[126:1b69] [com.apple.DiskArbitration.diskarbitrationd:default]   dispatched callback queue.
2026-08-25 06:23:00.141 I  diskarbitrationd[126:1b69] [com.apple.DiskArbitration.diskarbitrationd:default] Finder [490]:47363 -> diskarbitrationd [126]
2026-08-25 06:23:00.141 I  diskarbitrationd[126:1b69] [com.apple.DiskArbitration.diskarbitrationd:default]   dispatched response, id = 0000000000000001:0000000000000001, kind = disk eject approval, disk = /dev/disk4, approved.
2026-08-25 06:23:00.141 I  diskarbitrationd[126:1b69] [com.apple.DiskArbitration.diskarbitrationd:default] diskarbitrationd [126] -> storagekitd [276]:12059
2026-08-25 06:23:00.141 I  diskarbitrationd[126:1b69] [com.apple.DiskArbitration.diskarbitrationd:default]   dispatched callback queue.
2026-08-25 06:23:00.141 I  diskarbitrationd[126:1b69] [com.apple.DiskArbitration.diskarbitrationd:default] diskutil [310]:40707 -> diskarbitrationd [126]
2026-08-25 06:23:00.141 I  diskarbitrationd[126:1b69] [com.apple.DiskArbitration.diskarbitrationd:default]   dispatched response, id = 0000000000000003:0000000000000003, kind = disk eject approval, disk = /dev/disk4, approved.
2026-08-25 06:23:00.141 I  diskarbitrationd[126:1b69] [com.apple.DiskArbitration.diskarbitrationd:default] SystemUIServer [489]:7435 -> diskarbitrationd [126]
2026-08-25 06:23:00.141 I  diskarbitrationd[126:1b69] [com.apple.DiskArbitration.diskarbitrationd:default]   dispatched response, id = 0000000000000006:0000000000000006, kind = disk eject approval, disk = /dev/disk4, approved.
2026-08-25 06:23:00.142 I  diskarbitrationd[126:1b69] [com.apple.DiskArbitration.diskarbitrationd:default] storagekitd [276]:12059 -> diskarbitrationd [126]
2026-08-25 06:23:00.142 I  diskarbitrationd[126:1b69] [com.apple.DiskArbitration.diskarbitrationd:default]   dispatched response, id = 0000000000000006:0000000000000006, kind = disk eject approval, disk = /dev/disk4, approved.
2026-08-25 06:23:00.142 Df diskarbitrationd[126:1b69] [com.apple.DiskArbitration.diskarbitrationd:default] ejected disk, id = /dev/disk4, ongoing.
2026-08-25 06:23:00.142 Df diskarbitrationd[126:1b69] [com.apple.DiskArbitration.diskarbitrationd:default] removed disk, id = /dev/disk4.
2026-08-25 06:23:00.143 I  diskarbitrationd[126:1b69] [com.apple.DiskArbitration.diskarbitrationd:default] diskarbitrationd [126] -> UserEventAgent [97]:27139
2026-08-25 06:23:00.143 I  diskarbitrationd[126:1b69] [com.apple.DiskArbitration.diskarbitrationd:default]   dispatched callback, id = 0000000000000001:0000000000000001, kind = disk disappeared, disk = /dev/disk4.
2026-08-25 06:23:00.143 I  diskarbitrationd[126:1b69] [com.apple.DiskArbitration.diskarbitrationd:default] diskarbitrationd [126] -> apfsd [192]:19823
2026-08-25 06:23:00.143 I  diskarbitrationd[126:1b69] [com.apple.DiskArbitration.diskarbitrationd:default]   dispatched callback, id = 0000000000000004:0000000000000004, kind = disk disappeared, disk = /dev/disk4.
2026-08-25 06:23:00.143 I  diskarbitrationd[126:1b69] [com.apple.DiskArbitration.diskarbitrationd:default] diskarbitrationd [126] -> storagekitd [276]:12059
2026-08-25 06:23:00.143 I  diskarbitrationd[126:1b69] [com.apple.DiskArbitration.diskarbitrationd:default]   dispatched callback, id = 0000000000000001:0000000000000001, kind = disk disappeared, disk = /dev/disk4.
2026-08-25 06:23:00.143 I  diskarbitrationd[126:1b69] [com.apple.DiskArbitration.diskarbitrationd:default] diskarbitrationd [126] -> loginwindow [167]:42515
2026-08-25 06:23:00.143 I  diskarbitrationd[126:1b69] [com.apple.DiskArbitration.diskarbitrationd:default]   dispatched callback, id = 0000000000000003:0000000000000003, kind = disk disappeared, disk = /dev/disk4.
2026-08-25 06:23:00.143 I  diskarbitrationd[126:1b69] [com.apple.DiskArbitration.diskarbitrationd:default] diskarbitrationd [126] -> diskutil [310]:41503
2026-08-25 06:23:00.144 I  diskarbitrationd[126:1b69] [com.apple.DiskArbitration.diskarbitrationd:default]   dispatched callback, id = 0000000000000003:0000000000000003, kind = disk disappeared, disk = /dev/disk4.
2026-08-25 06:23:00.144 I  diskarbitrationd[126:1b69] [com.apple.DiskArbitration.diskarbitrationd:default] diskarbitrationd [126] -> SystemUIServer [489]:7435
2026-08-25 06:23:00.144 I  diskarbitrationd[126:1b69] [com.apple.DiskArbitration.diskarbitrationd:default]   dispatched callback, id = 0000000000000003:0000000000000003, kind = disk disappeared, disk = /dev/disk4.
2026-08-25 06:23:00.144 I  diskarbitrationd[126:1b69] [com.apple.DiskArbitration.diskarbitrationd:default] diskarbitrationd [126] -> WindowManager [484]:1575
2026-08-25 06:23:00.144 I  diskarbitrationd[126:1b69] [com.apple.DiskArbitration.diskarbitrationd:default]   dispatched callback, id = 0000000000000003:0000000000000003, kind = disk disappeared, disk = /dev/disk4.
2026-08-25 06:23:00.144 I  diskarbitrationd[126:1b69] [com.apple.DiskArbitration.diskarbitrationd:default] diskarbitrationd [126] -> SystemUIServer [489]:62227
2026-08-25 06:23:00.144 I  diskarbitrationd[126:1b69] [com.apple.DiskArbitration.diskarbitrationd:default]   dispatched callback, id = 0000000000000003:0000000000000003, kind = disk disappeared, disk = /dev/disk4.
2026-08-25 06:23:00.144 I  diskarbitrationd[126:1b69] [com.apple.DiskArbitration.diskarbitrationd:default] diskarbitrationd [126] -> CoreServicesUIAgent [480]:46851
2026-08-25 06:23:00.144 I  diskarbitrationd[126:1b69] [com.apple.DiskArbitration.diskarbitrationd:default]   dispatched callback, id = 0000000000000003:0000000000000003, kind = disk disappeared, disk = /dev/disk4.
2026-08-25 06:23:00.144 I  diskarbitrationd[126:1b69] [com.apple.DiskArbitration.diskarbitrationd:default] diskarbitrationd [126] -> filecoordinationd [497]:60675
2026-08-25 06:23:00.144 I  diskarbitrationd[126:1b69] [com.apple.DiskArbitration.diskarbitrationd:default]   dispatched callback, id = 0000000000000003:0000000000000003, kind = disk disappeared, disk = /dev/disk4.
2026-08-25 06:23:00.144 I  diskarbitrationd[126:1b69] [com.apple.DiskArbitration.diskarbitrationd:default] diskarbitrationd [126] -> Finder [490]:59931
2026-08-25 06:23:00.144 I  diskarbitrationd[126:1b69] [com.apple.DiskArbitration.diskarbitrationd:default]   dispatched callback, id = 0000000000000003:0000000000000003, kind = disk disappeared, disk = /dev/disk4.
2026-08-25 06:23:00.144 I  diskarbitrationd[126:1b69] [com.apple.DiskArbitration.diskarbitrationd:default] diskarbitrationd [126] -> UserEventAgent [475]:48687
2026-08-25 06:23:00.144 I  diskarbitrationd[126:1b69] [com.apple.DiskArbitration.diskarbitrationd:default]   dispatched callback, id = 0000000000000001:0000000000000001, kind = disk disappeared, disk = /dev/disk4.
2026-08-25 06:23:00.144 I  diskarbitrationd[126:1b69] [com.apple.DiskArbitration.diskarbitrationd:default] diskarbitrationd [126] -> sharedfilelistd [514]:58371
2026-08-25 06:23:00.144 I  diskarbitrationd[126:1b69] [com.apple.DiskArbitration.diskarbitrationd:default]   dispatched callback, id = 0000000000000003:0000000000000003, kind = disk disappeared, disk = /dev/disk4.
2026-08-25 06:23:00.144 I  diskarbitrationd[126:1b69] [com.apple.DiskArbitration.diskarbitrationd:default] diskarbitrationd [126] -> ControlCenter [487]:48899
2026-08-25 06:23:00.144 I  diskarbitrationd[126:1b69] [com.apple.DiskArbitration.diskarbitrationd:default]   dispatched callback, id = 0000000000000003:0000000000000003, kind = disk disappeared, disk = /dev/disk4.
2026-08-25 06:23:00.145 I  diskarbitrationd[126:1b69] [com.apple.DiskArbitration.diskarbitrationd:default] diskarbitrationd [126] -> WallpaperAgent [499]:57859
2026-08-25 06:23:00.145 I  diskarbitrationd[126:1b69] [com.apple.DiskArbitration.diskarbitrationd:default]   dispatched callback, id = 0000000000000003:0000000000000003, kind = disk disappeared, disk = /dev/disk4.
2026-08-25 06:23:00.145 I  diskarbitrationd[126:1b69] [com.apple.DiskArbitration.diskarbitrationd:default] diskarbitrationd [126] -> fontd [536]:57347
2026-08-25 06:23:00.145 I  diskarbitrationd[126:1b69] [com.apple.DiskArbitration.diskarbitrationd:default]   dispatched callback, id = 0000000000000003:0000000000000003, kind = disk disappeared, disk = /dev/disk4.
2026-08-25 06:23:00.145 I  diskarbitrationd[126:1b69] [com.apple.DiskArbitration.diskarbitrationd:default] diskarbitrationd [126] -> APFSUserAgent [524]:56835
2026-08-25 06:23:00.145 I  diskarbitrationd[126:1b69] [com.apple.DiskArbitration.diskarbitrationd:default]   dispatched callback, id = 0000000000000002:0000000000000002, kind = disk disappeared, disk = /dev/disk4.
2026-08-25 06:23:00.145 I  diskarbitrationd[126:1b69] [com.apple.DiskArbitration.diskarbitrationd:default] diskarbitrationd [126] -> QuickLookUIService [502]:56579
2026-08-25 06:23:00.145 I  diskarbitrationd[126:1b69] [com.apple.DiskArbitration.diskarbitrationd:default]   dispatched callback, id = 0000000000000003:0000000000000003, kind = disk disappeared, disk = /dev/disk4.
2026-08-25 06:23:00.145 I  diskarbitrationd[126:1b69] [com.apple.DiskArbitration.diskarbitrationd:default] diskarbitrationd [126] -> imklaunchagent [547]:56067
2026-08-25 06:23:00.145 I  diskarbitrationd[126:1b69] [com.apple.DiskArbitration.diskarbitrationd:default]   dispatched callback, id = 0000000000000003:0000000000000003, kind = disk disappeared, disk = /dev/disk4.
2026-08-25 06:23:00.145 I  diskarbitrationd[126:1b69] [com.apple.DiskArbitration.diskarbitrationd:default] diskarbitrationd [126] -> CoreLocationAgent [505]:55555
2026-08-25 06:23:00.145 I  diskarbitrationd[126:1b69] [com.apple.DiskArbitration.diskarbitrationd:default]   dispatched callback, id = 0000000000000003:0000000000000003, kind = disk disappeared, disk = /dev/disk4.
2026-08-25 06:23:00.145 I  diskarbitrationd[126:1b69] [com.apple.DiskArbitration.diskarbitrationd:default] diskarbitrationd [126] -> NotificationCenter [566]:50691
2026-08-25 06:23:00.145 I  diskarbitrationd[126:1b69] [com.apple.DiskArbitration.diskarbitrationd:default]   dispatched callback, id = 0000000000000003:0000000000000003, kind = disk disappeared, disk = /dev/disk4.
2026-08-25 06:23:00.146 I  diskarbitrationd[126:1b69] [com.apple.DiskArbitration.diskarbitrationd:default] diskarbitrationd [126] -> AppSSOAgent [583]:51203
2026-08-25 06:23:00.146 I  diskarbitrationd[126:1b69] [com.apple.DiskArbitration.diskarbitrationd:default]   dispatched callback, id = 0000000000000003:0000000000000003, kind = disk disappeared, disk = /dev/disk4.
2026-08-25 06:23:00.146 I  diskarbitrationd[126:1b69] [com.apple.DiskArbitration.diskarbitrationd:default] diskarbitrationd [126] -> CarbonComponentScannerXPC [546]:55043
2026-08-25 06:23:00.146 I  diskarbitrationd[126:1b69] [com.apple.DiskArbitration.diskarbitrationd:default]   dispatched callback, id = 0000000000000003:0000000000000003, kind = disk disappeared, disk = /dev/disk4.
2026-08-25 06:23:00.146 I  diskarbitrationd[126:1b69] [com.apple.DiskArbitration.diskarbitrationd:default] diskarbitrationd [126] -> sharingd [563]:54531
2026-08-25 06:23:00.146 I  diskarbitrationd[126:1b69] [com.apple.DiskArbitration.diskarbitrationd:default]   dispatched callback, id = 0000000000000003:0000000000000003, kind = disk disappeared, disk = /dev/disk4.
2026-08-25 06:23:00.146 I  diskarbitrationd[126:1b69] [com.apple.DiskArbitration.diskarbitrationd:default] diskarbitrationd [126] -> FinderExtension [541]:51971
2026-08-25 06:23:00.146 I  diskarbitrationd[126:1b69] [com.apple.DiskArbitration.diskarbitrationd:default]   dispatched callback, id = 0000000000000003:0000000000000003, kind = disk disappeared, disk = /dev/disk4.
2026-08-25 06:23:00.146 I  diskarbitrationd[126:1b69] [com.apple.DiskArbitration.diskarbitrationd:default] diskarbitrationd [126] -> WPSFinderMenu [607]:53763
2026-08-25 06:23:00.146 I  diskarbitrationd[126:1b69] [com.apple.DiskArbitration.diskarbitrationd:default]   dispatched callback, id = 0000000000000003:0000000000000003, kind = disk disappeared, disk = /dev/disk4.
2026-08-25 06:23:00.146 I  diskarbitrationd[126:1b69] [com.apple.DiskArbitration.diskarbitrationd:default] diskarbitrationd [126] -> iMenuExtension [609]:54019
2026-08-25 06:23:00.147 I  diskarbitrationd[126:1b69] [com.apple.DiskArbitration.diskarbitrationd:default]   dispatched callback, id = 0000000000000003:0000000000000003, kind = disk disappeared, disk = /dev/disk4.
2026-08-25 06:23:00.147 I  diskarbitrationd[126:1b69] [com.apple.DiskArbitration.diskarbitrationd:default] diskarbitrationd [126] -> Finder [490]:86531
2026-08-25 06:23:00.147 I  diskarbitrationd[126:1b69] [com.apple.DiskArbitration.diskarbitrationd:default]   dispatched callback, id = 0000000000000003:0000000000000003, kind = disk disappeared, disk = /dev/disk4.
2026-08-25 06:23:00.147 I  diskarbitrationd[126:1b69] [com.apple.DiskArbitration.diskarbitrationd:default] diskarbitrationd [126] -> iMenuExtension [609]:66307
2026-08-25 06:23:00.147 I  diskarbitrationd[126:1b69] [com.apple.DiskArbitration.diskarbitrationd:default]   dispatched callback, id = 0000000000000003:0000000000000003, kind = disk disappeared, disk = /dev/disk4.
2026-08-25 06:23:00.147 I  diskarbitrationd[126:1b69] [com.apple.DiskArbitration.diskarbitrationd:default] diskarbitrationd [126] -> Finder [490]:59147
2026-08-25 06:23:00.147 I  diskarbitrationd[126:1b69] [com.apple.DiskArbitration.diskarbitrationd:default]   dispatched callback, id = 0000000000000003:0000000000000003, kind = disk disappeared, disk = /dev/disk4.
2026-08-25 06:23:00.147 I  diskarbitrationd[126:1b69] [com.apple.DiskArbitration.diskarbitrationd:default] diskarbitrationd [126] -> AirPlayUIAgent [635]:66563
2026-08-25 06:23:00.147 I  diskarbitrationd[126:1b69] [com.apple.DiskArbitration.diskarbitrationd:default]   dispatched callback, id = 0000000000000003:0000000000000003, kind = disk disappeared, disk = /dev/disk4.
2026-08-25 06:23:00.147 I  diskarbitrationd[126:1b69] [com.apple.DiskArbitration.diskarbitrationd:default] diskarbitrationd [126] -> TextInputMenuAgent [639]:85251
2026-08-25 06:23:00.147 I  diskarbitrationd[126:1b69] [com.apple.DiskArbitration.diskarbitrationd:default]   dispatched callback, id = 0000000000000003:0000000000000003, kind = disk disappeared, disk = /dev/disk4.
2026-08-25 06:23:00.148 I  diskarbitrationd[126:1b69] [com.apple.DiskArbitration.diskarbitrationd:default] diskarbitrationd [126] -> Siri [629]:84995
2026-08-25 06:23:00.148 I  diskarbitrationd[126:1b69] [com.apple.DiskArbitration.diskarbitrationd:default]   dispatched callback, id = 0000000000000003:0000000000000003, kind = disk disappeared, disk = /dev/disk4.
2026-08-25 06:23:00.148 I  diskarbitrationd[126:1b69] [com.apple.DiskArbitration.diskarbitrationd:default] diskarbitrationd [126] -> Siri [629]:67331
2026-08-25 06:23:00.148 I  diskarbitrationd[126:1b69] [com.apple.DiskArbitration.diskarbitrationd:default]   dispatched callback, id = 0000000000000003:0000000000000003, kind = disk disappeared, disk = /dev/disk4.
2026-08-25 06:23:00.148 I  diskarbitrationd[126:1b69] [com.apple.DiskArbitration.diskarbitrationd:default] diskarbitrationd [126] -> PAH_Extension [656]:67587
2026-08-25 06:23:00.148 I  diskarbitrationd[126:1b69] [com.apple.DiskArbitration.diskarbitrationd:default]   dispatched callback, id = 0000000000000003:0000000000000003, kind = disk disappeared, disk = /dev/disk4.
2026-08-25 06:23:00.148 I  diskarbitrationd[126:1b69] [com.apple.DiskArbitration.diskarbitrationd:default] diskarbitrationd [126] -> icdd [630]:84227
2026-08-25 06:23:00.149 I  diskarbitrationd[126:1b69] [com.apple.DiskArbitration.diskarbitrationd:default]   dispatched callback, id = 0000000000000002:0000000000000002, kind = disk disappeared, disk = /dev/disk4.
2026-08-25 06:23:00.149 I  diskarbitrationd[126:1b69] [com.apple.DiskArbitration.diskarbitrationd:default] diskarbitrationd [126] -> wpslaunchhelper [618]:83463
2026-08-25 06:23:00.149 I  diskarbitrationd[126:1b69] [com.apple.DiskArbitration.diskarbitrationd:default]   dispatched callback, id = 0000000000000003:0000000000000003, kind = disk disappeared, disk = /dev/disk4.
2026-08-25 06:23:00.149 I  diskarbitrationd[126:1b69] [com.apple.DiskArbitration.diskarbitrationd:default] diskarbitrationd [126] -> iMenu [689]:83203
2026-08-25 06:23:00.149 I  diskarbitrationd[126:1b69] [com.apple.DiskArbitration.diskarbitrationd:default]   dispatched callback, id = 0000000000000003:0000000000000003, kind = disk disappeared, disk = /dev/disk4.
2026-08-25 06:23:00.149 I  diskarbitrationd[126:1b69] [com.apple.DiskArbitration.diskarbitrationd:default] diskarbitrationd [126] -> Raycast [669]:81923
2026-08-25 06:23:00.149 I  diskarbitrationd[126:1b69] [com.apple.DiskArbitration.diskarbitrationd:default]   dispatched callback, id = 0000000000000003:0000000000000003, kind = disk disappeared, disk = /dev/disk4.
2026-08-25 06:23:00.149 I  diskarbitrationd[126:1b69] [com.apple.DiskArbitration.diskarbitrationd:default] diskarbitrationd [126] -> Ëµ§ÂèãNTFSÂä©Êâã [690]:81411
2026-08-25 06:23:00.149 I  diskarbitrationd[126:1b69] [com.apple.DiskArbitration.diskarbitrationd:default]   dispatched callback, id = 0000000000000002:0000000000000002, kind = disk disappeared, disk = /dev/disk4.
2026-08-25 06:23:00.149 I  diskarbitrationd[126:1b69] [com.apple.DiskArbitration.diskarbitrationd:default] diskarbitrationd [126] -> Strongbox [703]:81159
2026-08-25 06:23:00.149 I  diskarbitrationd[126:1b69] [com.apple.DiskArbitration.diskarbitrationd:default]   dispatched callback, id = 0000000000000003:0000000000000003, kind = disk disappeared, disk = /dev/disk4.
2026-08-25 06:23:00.149 I  diskarbitrationd[126:1b69] [com.apple.DiskArbitration.diskarbitrationd:default] diskarbitrationd [126] -> Strongbox [703]:81707
2026-08-25 06:23:00.149 I  diskarbitrationd[126:1b69] [com.apple.DiskArbitration.diskarbitrationd:default]   dispatched callback, id = 0000000000000003:0000000000000003, kind = disk disappeared, disk = /dev/disk4.
2026-08-25 06:23:00.150 I  diskarbitrationd[126:1b69] [com.apple.DiskArbitration.diskarbitrationd:default] diskarbitrationd [126] -> One Switch [726]:37895
2026-08-25 06:23:00.150 I  diskarbitrationd[126:1b69] [com.apple.DiskArbitration.diskarbitrationd:default]   dispatched callback, id = 0000000000000003:0000000000000003, kind = disk disappeared, disk = /dev/disk4.
2026-08-25 06:23:00.150 I  diskarbitrationd[126:1b69] [com.apple.DiskArbitration.diskarbitrationd:default] diskarbitrationd [126] -> AppSSODaemon [586]:68415
2026-08-25 06:23:00.150 I  diskarbitrationd[126:1b69] [com.apple.DiskArbitration.diskarbitrationd:default]   dispatched callback, id = 0000000000000003:0000000000000003, kind = disk disappeared, disk = /dev/disk4.
2026-08-25 06:23:00.150 I  diskarbitrationd[126:1b69] [com.apple.DiskArbitration.diskarbitrationd:default] diskarbitrationd [126] -> SiriNCService [1964]:46099
2026-08-25 06:23:00.150 I  diskarbitrationd[126:1b69] [com.apple.DiskArbitration.diskarbitrationd:default]   dispatched callback, id = 0000000000000003:0000000000000003, kind = disk disappeared, disk = /dev/disk4.
2026-08-25 06:23:00.150 I  diskarbitrationd[126:1b69] [com.apple.DiskArbitration.diskarbitrationd:default] diskarbitrationd [126] -> hdiejectd [2315]:66107
2026-08-25 06:23:00.150 I  diskarbitrationd[126:1b69] [com.apple.DiskArbitration.diskarbitrationd:default]   dispatched callback, id = 0000000000000002:0000000000000002, kind = disk disappeared, disk = /dev/disk4.
2026-08-25 06:23:00.150 Df diskarbitrationd[126:1b69] [com.apple.DiskArbitration.diskarbitrationd:default] ejected disk, id = /dev/disk4, success.
2026-08-25 06:23:00.151 I  diskarbitrationd[126:1b69] [com.apple.DiskArbitration.diskarbitrationd:default] diskarbitrationd [126] -> hdiutil [2351]:128275
2026-08-25 06:23:00.151 I  diskarbitrationd[126:1b69] [com.apple.DiskArbitration.diskarbitrationd:default]   dispatched callback, id = 0000000000000002:0000000000000002, kind = disk eject, disk = /dev/disk4, success.
2026-08-25 06:23:00.151 I  diskarbitrationd[126:1b69] [com.apple.DiskArbitration.diskarbitrationd:default] diskarbitrationd [126] -> apfsd [192]:19823
2026-08-25 06:23:00.151 I  diskarbitrationd[126:1b69] [com.apple.DiskArbitration.diskarbitrationd:default]   dispatched callback, id = 0000000000000005:0000000000000005, kind = idle.
2026-08-25 06:23:00.151 I  diskarbitrationd[126:1b69] [com.apple.DiskArbitration.diskarbitrationd:default] diskarbitrationd [126] -> storagekitd [276]:12059
2026-08-25 06:23:00.151 I  diskarbitrationd[126:1b69] [com.apple.DiskArbitration.diskarbitrationd:default]   dispatched callback, id = 0000000000000005:0000000000000005, kind = idle.
2026-08-25 06:23:00.151 I  diskarbitrationd[126:1b69] [com.apple.DiskArbitration.diskarbitrationd:default] diskarbitrationd [126] -> loginwindow [167]:42515
2026-08-25 06:23:00.151 I  diskarbitrationd[126:1b69] [com.apple.DiskArbitration.diskarbitrationd:default]   dispatched callback, id = 0000000000000005:0000000000000005, kind = idle.
2026-08-25 06:23:00.151 I  diskarbitrationd[126:1b69] [com.apple.DiskArbitration.diskarbitrationd:default] diskarbitrationd [126] -> diskutil [310]:41503
2026-08-25 06:23:00.151 I  diskarbitrationd[126:1b69] [com.apple.DiskArbitration.diskarbitrationd:default]   dispatched callback, id = 0000000000000005:0000000000000005, kind = idle.
2026-08-25 06:23:00.151 I  diskarbitrationd[126:1b69] [com.apple.DiskArbitration.diskarbitrationd:default] diskarbitrationd [126] -> WindowManager [484]:1575
2026-08-25 06:23:00.151 I  diskarbitrationd[126:1b69] [com.apple.DiskArbitration.diskarbitrationd:default]   dispatched callback, id = 0000000000000005:0000000000000005, kind = idle.
2026-08-25 06:23:00.152 I  diskarbitrationd[126:1b69] [com.apple.DiskArbitration.diskarbitrationd:default] diskarbitrationd [126] -> SystemUIServer [489]:62227
2026-08-25 06:23:00.152 I  diskarbitrationd[126:1b69] [com.apple.DiskArbitration.diskarbitrationd:default]   dispatched callback, id = 0000000000000005:0000000000000005, kind = idle.
2026-08-25 06:23:00.152 I  diskarbitrationd[126:1b69] [com.apple.DiskArbitration.diskarbitrationd:default] diskarbitrationd [126] -> CoreServicesUIAgent [480]:46851
2026-08-25 06:23:00.152 I  diskarbitrationd[126:1b69] [com.apple.DiskArbitration.diskarbitrationd:default]   dispatched callback, id = 0000000000000005:0000000000000005, kind = idle.
2026-08-25 06:23:00.152 I  diskarbitrationd[126:1b69] [com.apple.DiskArbitration.diskarbitrationd:default] diskarbitrationd [126] -> filecoordinationd [497]:60675
2026-08-25 06:23:00.152 I  diskarbitrationd[126:1b69] [com.apple.DiskArbitration.diskarbitrationd:default]   dispatched callback, id = 0000000000000005:0000000000000005, kind = idle.
2026-08-25 06:23:00.152 I  diskarbitrationd[126:1b69] [com.apple.DiskArbitration.diskarbitrationd:default] diskarbitrationd [126] -> Finder [490]:59931
2026-08-25 06:23:00.152 I  diskarbitrationd[126:1b69] [com.apple.DiskArbitration.diskarbitrationd:default]   dispatched callback, id = 0000000000000005:0000000000000005, kind = idle.
2026-08-25 06:23:00.152 I  diskarbitrationd[126:1b69] [com.apple.DiskArbitration.diskarbitrationd:default] diskarbitrationd [126] -> sharedfilelistd [514]:58371
2026-08-25 06:23:00.152 I  diskarbitrationd[126:1b69] [com.apple.DiskArbitration.diskarbitrationd:default]   dispatched callback, id = 0000000000000005:0000000000000005, kind = idle.
2026-08-25 06:23:00.152 I  diskarbitrationd[126:1b69] [com.apple.DiskArbitration.diskarbitrationd:default] diskarbitrationd [126] -> ControlCenter [487]:48899
2026-08-25 06:23:00.152 I  diskarbitrationd[126:1b69] [com.apple.DiskArbitration.diskarbitrationd:default]   dispatched callback, id = 0000000000000005:0000000000000005, kind = idle.
2026-08-25 06:23:00.152 I  diskarbitrationd[126:1b69] [com.apple.DiskArbitration.diskarbitrationd:default] diskarbitrationd [126] -> WallpaperAgent [499]:57859
2026-08-25 06:23:00.152 I  diskarbitrationd[126:1b69] [com.apple.DiskArbitration.diskarbitrationd:default]   dispatched callback, id = 0000000000000005:0000000000000005, kind = idle.
2026-08-25 06:23:00.152 I  diskarbitrationd[126:1b69] [com.apple.DiskArbitration.diskarbitrationd:default] diskarbitrationd [126] -> fontd [536]:57347
2026-08-25 06:23:00.152 I  diskarbitrationd[126:1b69] [com.apple.DiskArbitration.diskarbitrationd:default]   dispatched callback, id = 0000000000000005:0000000000000005, kind = idle.
2026-08-25 06:23:00.152 I  diskarbitrationd[126:1b69] [com.apple.DiskArbitration.diskarbitrationd:default] diskarbitrationd [126] -> QuickLookUIService [502]:56579
2026-08-25 06:23:00.152 I  diskarbitrationd[126:1b69] [com.apple.DiskArbitration.diskarbitrationd:default]   dispatched callback, id = 0000000000000005:0000000000000005, kind = idle.
2026-08-25 06:23:00.152 I  diskarbitrationd[126:1b69] [com.apple.DiskArbitration.diskarbitrationd:default] diskarbitrationd [126] -> imklaunchagent [547]:56067
2026-08-25 06:23:00.153 I  diskarbitrationd[126:1b69] [com.apple.DiskArbitration.diskarbitrationd:default]   dispatched callback, id = 0000000000000005:0000000000000005, kind = idle.
2026-08-25 06:23:00.153 I  diskarbitrationd[126:1b69] [com.apple.DiskArbitration.diskarbitrationd:default] diskarbitrationd [126] -> CoreLocationAgent [505]:55555
2026-08-25 06:23:00.153 I  diskarbitrationd[126:1b69] [com.apple.DiskArbitration.diskarbitrationd:default]   dispatched callback, id = 0000000000000005:0000000000000005, kind = idle.
2026-08-25 06:23:00.153 I  diskarbitrationd[126:1b69] [com.apple.DiskArbitration.diskarbitrationd:default] diskarbitrationd [126] -> NotificationCenter [566]:50691
2026-08-25 06:23:00.153 I  diskarbitrationd[126:1b69] [com.apple.DiskArbitration.diskarbitrationd:default]   dispatched callback, id = 0000000000000005:0000000000000005, kind = idle.
2026-08-25 06:23:00.153 I  diskarbitrationd[126:1b69] [com.apple.DiskArbitration.diskarbitrationd:default] diskarbitrationd [126] -> AppSSOAgent [583]:51203
2026-08-25 06:23:00.153 I  diskarbitrationd[126:1b69] [com.apple.DiskArbitration.diskarbitrationd:default]   dispatched callback, id = 0000000000000005:0000000000000005, kind = idle.
2026-08-25 06:23:00.153 I  diskarbitrationd[126:1b69] [com.apple.DiskArbitration.diskarbitrationd:default] diskarbitrationd [126] -> CarbonComponentScannerXPC [546]:55043
2026-08-25 06:23:00.153 I  diskarbitrationd[126:1b69] [com.apple.DiskArbitration.diskarbitrationd:default]   dispatched callback, id = 0000000000000005:0000000000000005, kind = idle.
2026-08-25 06:23:00.153 I  diskarbitrationd[126:1b69] [com.apple.DiskArbitration.diskarbitrationd:default] diskarbitrationd [126] -> sharingd [563]:54531
2026-08-25 06:23:00.153 I  diskarbitrationd[126:1b69] [com.apple.DiskArbitration.diskarbitrationd:default]   dispatched callback, id = 0000000000000005:0000000000000005, kind = idle.
2026-08-25 06:23:00.153 I  diskarbitrationd[126:1b69] [com.apple.DiskArbitration.diskarbitrationd:default] diskarbitrationd [126] -> FinderExtension [541]:51971
2026-08-25 06:23:00.153 I  diskarbitrationd[126:1b69] [com.apple.DiskArbitration.diskarbitrationd:default]   dispatched callback, id = 0000000000000005:0000000000000005, kind = idle.
2026-08-25 06:23:00.153 I  diskarbitrationd[126:1b69] [com.apple.DiskArbitration.diskarbitrationd:default] diskarbitrationd [126] -> WPSFinderMenu [607]:53763
2026-08-25 06:23:00.154 I  diskarbitrationd[126:1b69] [com.apple.DiskArbitration.diskarbitrationd:default]   dispatched callback, id = 0000000000000005:0000000000000005, kind = idle.
2026-08-25 06:23:00.154 I  diskarbitrationd[126:1b69] [com.apple.DiskArbitration.diskarbitrationd:default] diskarbitrationd [126] -> iMenuExtension [609]:54019
2026-08-25 06:23:00.154 I  diskarbitrationd[126:1b69] [com.apple.DiskArbitration.diskarbitrationd:default]   dispatched callback, id = 0000000000000005:0000000000000005, kind = idle.
2026-08-25 06:23:00.154 I  diskarbitrationd[126:1b69] [com.apple.DiskArbitration.diskarbitrationd:default] diskarbitrationd [126] -> Finder [490]:86531
2026-08-25 06:23:00.154 I  diskarbitrationd[126:1b69] [com.apple.DiskArbitration.diskarbitrationd:default]   dispatched callback, id = 0000000000000005:0000000000000005, kind = idle.
2026-08-25 06:23:00.154 I  diskarbitrationd[126:1b69] [com.apple.DiskArbitration.diskarbitrationd:default] diskarbitrationd [126] -> iMenuExtension [609]:66307
2026-08-25 06:23:00.154 I  diskarbitrationd[126:1b69] [com.apple.DiskArbitration.diskarbitrationd:default]   dispatched callback, id = 0000000000000005:0000000000000005, kind = idle.
2026-08-25 06:23:00.154 I  diskarbitrationd[126:1b69] [com.apple.DiskArbitration.diskarbitrationd:default] diskarbitrationd [126] -> Finder [490]:59147
2026-08-25 06:23:00.154 I  diskarbitrationd[126:1b69] [com.apple.DiskArbitration.diskarbitrationd:default]   dispatched callback, id = 0000000000000005:0000000000000005, kind = idle.
2026-08-25 06:23:00.154 I  diskarbitrationd[126:1b69] [com.apple.DiskArbitration.diskarbitrationd:default] diskarbitrationd [126] -> AirPlayUIAgent [635]:66563
2026-08-25 06:23:00.154 I  diskarbitrationd[126:1b69] [com.apple.DiskArbitration.diskarbitrationd:default]   dispatched callback, id = 0000000000000005:0000000000000005, kind = idle.
2026-08-25 06:23:00.154 I  diskarbitrationd[126:1b69] [com.apple.DiskArbitration.diskarbitrationd:default] diskarbitrationd [126] -> TextInputMenuAgent [639]:85251
2026-08-25 06:23:00.155 I  diskarbitrationd[126:1b69] [com.apple.DiskArbitration.diskarbitrationd:default]   dispatched callback, id = 0000000000000005:0000000000000005, kind = idle.
2026-08-25 06:23:00.155 I  diskarbitrationd[126:1b69] [com.apple.DiskArbitration.diskarbitrationd:default] diskarbitrationd [126] -> Siri [629]:84995
2026-08-25 06:23:00.155 I  diskarbitrationd[126:1b69] [com.apple.DiskArbitration.diskarbitrationd:default]   dispatched callback, id = 0000000000000005:0000000000000005, kind = idle.
2026-08-25 06:23:00.155 I  diskarbitrationd[126:1b69] [com.apple.DiskArbitration.diskarbitrationd:default] diskarbitrationd [126] -> Siri [629]:67331
2026-08-25 06:23:00.155 I  diskarbitrationd[126:1b69] [com.apple.DiskArbitration.diskarbitrationd:default]   dispatched callback, id = 0000000000000005:0000000000000005, kind = idle.
2026-08-25 06:23:00.155 I  diskarbitrationd[126:1b69] [com.apple.DiskArbitration.diskarbitrationd:default] diskarbitrationd [126] -> PAH_Extension [656]:67587
2026-08-25 06:23:00.155 I  diskarbitrationd[126:1b69] [com.apple.DiskArbitration.diskarbitrationd:default]   dispatched callback, id = 0000000000000005:0000000000000005, kind = idle.
2026-08-25 06:23:00.155 I  diskarbitrationd[126:1b69] [com.apple.DiskArbitration.diskarbitrationd:default] diskarbitrationd [126] -> wpslaunchhelper [618]:83463
2026-08-25 06:23:00.155 I  diskarbitrationd[126:1b69] [com.apple.DiskArbitration.diskarbitrationd:default]   dispatched callback, id = 0000000000000005:0000000000000005, kind = idle.
2026-08-25 06:23:00.155 I  diskarbitrationd[126:1b69] [com.apple.DiskArbitration.diskarbitrationd:default] diskarbitrationd [126] -> iMenu [689]:83203
2026-08-25 06:23:00.155 I  diskarbitrationd[126:1b69] [com.apple.DiskArbitration.diskarbitrationd:default]   dispatched callback, id = 0000000000000005:0000000000000005, kind = idle.
2026-08-25 06:23:00.155 I  diskarbitrationd[126:1b69] [com.apple.DiskArbitration.diskarbitrationd:default] diskarbitrationd [126] -> Raycast [669]:81923
2026-08-25 06:23:00.155 I  diskarbitrationd[126:1b69] [com.apple.DiskArbitration.diskarbitrationd:default]   dispatched callback, id = 0000000000000005:0000000000000005, kind = idle.
2026-08-25 06:23:00.155 I  diskarbitrationd[126:1b69] [com.apple.DiskArbitration.diskarbitrationd:default] diskarbitrationd [126] -> Strongbox [703]:81159
2026-08-25 06:23:00.155 I  diskarbitrationd[126:1b69] [com.apple.DiskArbitration.diskarbitrationd:default]   dispatched callback, id = 0000000000000005:0000000000000005, kind = idle.
2026-08-25 06:23:00.156 I  diskarbitrationd[126:1b69] [com.apple.DiskArbitration.diskarbitrationd:default] diskarbitrationd [126] -> Strongbox [703]:81707
2026-08-25 06:23:00.156 I  diskarbitrationd[126:1b69] [com.apple.DiskArbitration.diskarbitrationd:default]   dispatched callback, id = 0000000000000005:0000000000000005, kind = idle.
2026-08-25 06:23:00.156 I  diskarbitrationd[126:1b69] [com.apple.DiskArbitration.diskarbitrationd:default] diskarbitrationd [126] -> One Switch [726]:37895
2026-08-25 06:23:00.156 I  diskarbitrationd[126:1b69] [com.apple.DiskArbitration.diskarbitrationd:default]   dispatched callback, id = 0000000000000005:0000000000000005, kind = idle.
2026-08-25 06:23:00.156 I  diskarbitrationd[126:1b69] [com.apple.DiskArbitration.diskarbitrationd:default] diskarbitrationd [126] -> AppSSODaemon [586]:68415
2026-08-25 06:23:00.156 I  diskarbitrationd[126:1b69] [com.apple.DiskArbitration.diskarbitrationd:default]   dispatched callback, id = 0000000000000005:0000000000000005, kind = idle.
2026-08-25 06:23:00.156 I  diskarbitrationd[126:1b69] [com.apple.DiskArbitration.diskarbitrationd:default] diskarbitrationd [126] -> SiriNCService [1964]:46099
2026-08-25 06:23:00.156 I  diskarbitrationd[126:1b69] [com.apple.DiskArbitration.diskarbitrationd:default]   dispatched callback, id = 0000000000000005:0000000000000005, kind = idle.
2026-08-25 06:23:00.156 I  diskarbitrationd[126:1b69] [com.apple.DiskArbitration.diskarbitrationd:default] diskarbitrationd [126] -> hdiejectd [2315]:66107
2026-08-25 06:23:00.156 I  diskarbitrationd[126:1b69] [com.apple.DiskArbitration.diskarbitrationd:default]   dispatched callback, id = 0000000000000004:0000000000000004, kind = idle.
2026-08-25 06:23:00.156 I  diskarbitrationd[126:1b69] [com.apple.DiskArbitration.diskarbitrationd:default] diskarbitrationd [126] -> loginwindow [167]:42515
2026-08-25 06:23:00.156 I  diskarbitrationd[126:1b69] [com.apple.DiskArbitration.diskarbitrationd:default]   dispatched callback queue.
2026-08-25 06:23:00.156 I  diskarbitrationd[126:1b69] [com.apple.DiskArbitration.diskarbitrationd:default] diskarbitrationd [126] -> WindowManager [484]:1575
2026-08-25 06:23:00.156 I  diskarbitrationd[126:1b69] [com.apple.DiskArbitration.diskarbitrationd:default]   dispatched callback queue.
2026-08-25 06:23:00.156 I  diskarbitrationd[126:1b69] [com.apple.DiskArbitration.diskarbitrationd:default] diskarbitrationd [126] -> SystemUIServer [489]:62227
2026-08-25 06:23:00.156 I  diskarbitrationd[126:1b69] [com.apple.DiskArbitration.diskarbitrationd:default]   dispatched callback queue.
2026-08-25 06:23:00.157 I  diskarbitrationd[126:1b69] [com.apple.DiskArbitration.diskarbitrationd:default] diskarbitrationd [126] -> CoreServicesUIAgent [480]:46851
2026-08-25 06:23:00.157 I  diskarbitrationd[126:1b69] [com.apple.DiskArbitration.diskarbitrationd:default]   dispatched callback queue.
2026-08-25 06:23:00.157 I  diskarbitrationd[126:1b69] [com.apple.DiskArbitration.diskarbitrationd:default] diskarbitrationd [126] -> filecoordinationd [497]:60675
2026-08-25 06:23:00.157 I  diskarbitrationd[126:1b69] [com.apple.DiskArbitration.diskarbitrationd:default]   dispatched callback queue.
2026-08-25 06:23:00.157 I  diskarbitrationd[126:1b69] [com.apple.DiskArbitration.diskarbitrationd:default] diskarbitrationd [126] -> Finder [490]:59931
2026-08-25 06:23:00.157 I  diskarbitrationd[126:1b69] [com.apple.DiskArbitration.diskarbitrationd:default]   dispatched callback queue.
2026-08-25 06:23:00.157 I  diskarbitrationd[126:1b69] [com.apple.DiskArbitration.diskarbitrationd:default] diskarbitrationd [126] -> ControlCenter [487]:48899
2026-08-25 06:23:00.157 I  diskarbitrationd[126:1b69] [com.apple.DiskArbitration.diskarbitrationd:default]   dispatched callback queue.
2026-08-25 06:23:00.157 I  diskarbitrationd[126:1b69] [com.apple.DiskArbitration.diskarbitrationd:default] diskarbitrationd [126] -> WallpaperAgent [499]:57859
2026-08-25 06:23:00.158 I  diskarbitrationd[126:1b69] [com.apple.DiskArbitration.diskarbitrationd:default]   dispatched callback queue.
2026-08-25 06:23:00.158 I  diskarbitrationd[126:1b69] [com.apple.DiskArbitration.diskarbitrationd:default] diskarbitrationd [126] -> imklaunchagent [547]:56067
2026-08-25 06:23:00.158 I  diskarbitrationd[126:1b69] [com.apple.DiskArbitration.diskarbitrationd:default]   dispatched callback queue.
2026-08-25 06:23:00.158 I  diskarbitrationd[126:1b69] [com.apple.DiskArbitration.diskarbitrationd:default] diskarbitrationd [126] -> CoreLocationAgent [505]:55555
2026-08-25 06:23:00.158 I  diskarbitrationd[126:1b69] [com.apple.DiskArbitration.diskarbitrationd:default]   dispatched callback queue.
2026-08-25 06:23:00.158 I  diskarbitrationd[126:1b69] [com.apple.DiskArbitration.diskarbitrationd:default] diskarbitrationd [126] -> NotificationCenter [566]:50691
2026-08-25 06:23:00.158 I  diskarbitrationd[126:1b69] [com.apple.DiskArbitration.diskarbitrationd:default]   dispatched callback queue.
2026-08-25 06:23:00.158 I  diskarbitrationd[126:1b69] [com.apple.DiskArbitration.diskarbitrationd:default] diskarbitrationd [126] -> AppSSOAgent [583]:51203
2026-08-25 06:23:00.158 I  diskarbitrationd[126:1b69] [com.apple.DiskArbitration.diskarbitrationd:default]   dispatched callback queue.
2026-08-25 06:23:00.159 I  diskarbitrationd[126:1b69] [com.apple.DiskArbitration.diskarbitrationd:default] diskarbitrationd [126] -> sharingd [563]:54531
2026-08-25 06:23:00.159 I  diskarbitrationd[126:1b69] [com.apple.DiskArbitration.diskarbitrationd:default]   dispatched callback queue.
2026-08-25 06:23:00.159 I  diskarbitrationd[126:1b69] [com.apple.DiskArbitration.diskarbitrationd:default] diskarbitrationd [126] -> FinderExtension [541]:51971
2026-08-25 06:23:00.159 I  diskarbitrationd[126:1b69] [com.apple.DiskArbitration.diskarbitrationd:default]   dispatched callback queue.
2026-08-25 06:23:00.159 I  diskarbitrationd[126:1b69] [com.apple.DiskArbitration.diskarbitrationd:default] diskarbitrationd [126] -> WPSFinderMenu [607]:53763
2026-08-25 06:23:00.159 I  diskarbitrationd[126:1b69] [com.apple.DiskArbitration.diskarbitrationd:default]   dispatched callback queue.
2026-08-25 06:23:00.159 I  diskarbitrationd[126:1b69] [com.apple.DiskArbitration.diskarbitrationd:default] diskarbitrationd [126] -> iMenuExtension [609]:54019
2026-08-25 06:23:00.159 I  diskarbitrationd[126:1b69] [com.apple.DiskArbitration.diskarbitrationd:default]   dispatched callback queue.
2026-08-25 06:23:00.159 I  diskarbitrationd[126:1b69] [com.apple.DiskArbitration.diskarbitrationd:default] diskarbitrationd [126] -> Finder [490]:86531
2026-08-25 06:23:00.159 I  diskarbitrationd[126:1b69] [com.apple.DiskArbitration.diskarbitrationd:default]   dispatched callback queue.
2026-08-25 06:23:00.159 I  diskarbitrationd[126:1b69] [com.apple.DiskArbitration.diskarbitrationd:default] diskarbitrationd [126] -> iMenuExtension [609]:66307
2026-08-25 06:23:00.159 I  diskarbitrationd[126:1b69] [com.apple.DiskArbitration.diskarbitrationd:default]   dispatched callback queue.
2026-08-25 06:23:00.160 I  diskarbitrationd[126:1b69] [com.apple.DiskArbitration.diskarbitrationd:default] diskarbitrationd [126] -> Finder [490]:59147
2026-08-25 06:23:00.160 I  diskarbitrationd[126:1b69] [com.apple.DiskArbitration.diskarbitrationd:default]   dispatched callback queue.
2026-08-25 06:23:00.160 I  diskarbitrationd[126:1b69] [com.apple.DiskArbitration.diskarbitrationd:default] diskarbitrationd [126] -> AirPlayUIAgent [635]:66563
2026-08-25 06:23:00.160 I  diskarbitrationd[126:1b69] [com.apple.DiskArbitration.diskarbitrationd:default]   dispatched callback queue.
2026-08-25 06:23:00.160 I  diskarbitrationd[126:1b69] [com.apple.DiskArbitration.diskarbitrationd:default] diskarbitrationd [126] -> TextInputMenuAgent [639]:85251
2026-08-25 06:23:00.160 I  diskarbitrationd[126:1b69] [com.apple.DiskArbitration.diskarbitrationd:default]   dispatched callback queue.
2026-08-25 06:23:00.160 I  diskarbitrationd[126:1b69] [com.apple.DiskArbitration.diskarbitrationd:default] diskimages-helper [2323]:42927 -> diskarbitrationd [126]
2026-08-25 06:23:00.160 I  diskarbitrationd[126:1b69] [com.apple.DiskArbitration.diskarbitrationd:default]   removed session, id = diskimages-helper [2323]:42927.
2026-08-25 06:23:00.160 I  diskarbitrationd[126:1b69] [com.apple.DiskArbitration.diskarbitrationd:default] diskimages-helper [2323]:67931 -> diskarbitrationd [126]
2026-08-25 06:23:00.160 I  diskarbitrationd[126:1b69] [com.apple.DiskArbitration.diskarbitrationd:default]   removed session, id = diskimages-helper [2323]:67931.
2026-08-25 06:23:00.160 I  diskarbitrationd[126:1b69] [com.apple.DiskArbitration.diskarbitrationd:default] diskarbitrationd [126] -> Siri [629]:84995
2026-08-25 06:23:00.160 I  diskarbitrationd[126:1b69] [com.apple.DiskArbitration.diskarbitrationd:default]   dispatched callback queue.
2026-08-25 06:23:00.161 I  diskarbitrationd[126:1b69] [com.apple.DiskArbitration.diskarbitrationd:default] diskarbitrationd [126] -> Siri [629]:67331
2026-08-25 06:23:00.161 I  diskarbitrationd[126:1b69] [com.apple.DiskArbitration.diskarbitrationd:default]   dispatched callback queue.
2026-08-25 06:23:00.161 I  diskarbitrationd[126:1b69] [com.apple.DiskArbitration.diskarbitrationd:default] diskarbitrationd [126] -> wpslaunchhelper [618]:83463
2026-08-25 06:23:00.161 I  diskarbitrationd[126:1b69] [com.apple.DiskArbitration.diskarbitrationd:default]   dispatched callback queue.
2026-08-25 06:23:00.161 I  diskarbitrationd[126:1b69] [com.apple.DiskArbitration.diskarbitrationd:default] diskarbitrationd [126] -> iMenu [689]:83203
2026-08-25 06:23:00.161 I  diskarbitrationd[126:1b69] [com.apple.DiskArbitration.diskarbitrationd:default]   dispatched callback queue.
2026-08-25 06:23:00.161 I  diskarbitrationd[126:1b69] [com.apple.DiskArbitration.diskarbitrationd:default] diskarbitrationd [126] -> Raycast [669]:81923
2026-08-25 06:23:00.161 I  diskarbitrationd[126:1b69] [com.apple.DiskArbitration.diskarbitrationd:default]   dispatched callback queue.
2026-08-25 06:23:00.161 I  diskarbitrationd[126:1b69] [com.apple.DiskArbitration.diskarbitrationd:default] diskarbitrationd [126] -> Strongbox [703]:81159
2026-08-25 06:23:00.161 I  diskarbitrationd[126:1b69] [com.apple.DiskArbitration.diskarbitrationd:default]   dispatched callback queue.
2026-08-25 06:23:00.161 I  diskarbitrationd[126:1b69] [com.apple.DiskArbitration.diskarbitrationd:default] diskarbitrationd [126] -> Strongbox [703]:81707
2026-08-25 06:23:00.162 I  diskarbitrationd[126:1b69] [com.apple.DiskArbitration.diskarbitrationd:default]   dispatched callback queue.
2026-08-25 06:23:00.162 I  diskarbitrationd[126:1b69] [com.apple.DiskArbitration.diskarbitrationd:default] diskarbitrationd [126] -> One Switch [726]:37895
2026-08-25 06:23:00.162 I  diskarbitrationd[126:1b69] [com.apple.DiskArbitration.diskarbitrationd:default]   dispatched callback queue.
2026-08-25 06:23:00.162 I  diskarbitrationd[126:1b69] [com.apple.DiskArbitration.diskarbitrationd:default] diskarbitrationd [126] -> sharedfilelistd [514]:58371
2026-08-25 06:23:00.162 I  diskarbitrationd[126:1b69] [com.apple.DiskArbitration.diskarbitrationd:default]   dispatched callback queue.
2026-08-25 06:23:00.162 I  diskarbitrationd[126:1b69] [com.apple.DiskArbitration.diskarbitrationd:default] diskarbitrationd [126] -> fontd [536]:57347
2026-08-25 06:23:00.162 I  diskarbitrationd[126:1b69] [com.apple.DiskArbitration.diskarbitrationd:default]   dispatched callback queue.
2026-08-25 06:23:00.162 I  diskarbitrationd[126:1b69] [com.apple.DiskArbitration.diskarbitrationd:default] diskarbitrationd [126] -> QuickLookUIService [502]:56579
2026-08-25 06:23:00.163 I  diskarbitrationd[126:1b69] [com.apple.DiskArbitration.diskarbitrationd:default]   dispatched callback queue.
2026-08-25 06:23:00.163 I  diskarbitrationd[126:1b69] [com.apple.DiskArbitration.diskarbitrationd:default] diskarbitrationd [126] -> CarbonComponentScannerXPC [546]:55043
2026-08-25 06:23:00.164 E  io.macfuse.app.launchservice.daemon[2311:3c43] [io.macfuse:daemon] Failed to detach virtual device: Error Domain=MFDaemon.DiskImage.Error Code=2
2026-08-25 06:23:00.163 I  diskarbitrationd[126:1b69] [com.apple.DiskArbitration.diskarbitrationd:default]   dispatched callback queue.
2026-08-25 06:23:00.164 I  diskarbitrationd[126:1b69] [com.apple.DiskArbitration.diskarbitrationd:default] diskarbitrationd [126] -> PAH_Extension [656]:67587
2026-08-25 06:23:00.164 I  diskarbitrationd[126:1b69] [com.apple.DiskArbitration.diskarbitrationd:default]   dispatched callback queue.
2026-08-25 06:23:00.164 I  diskarbitrationd[126:1b69] [com.apple.DiskArbitration.diskarbitrationd:default] diskarbitrationd [126] -> AppSSODaemon [586]:68415
2026-08-25 06:23:00.164 I  diskarbitrationd[126:1b69] [com.apple.DiskArbitration.diskarbitrationd:default]   dispatched callback queue.
2026-08-25 06:23:00.164 I  diskarbitrationd[126:1b69] [com.apple.DiskArbitration.diskarbitrationd:default] diskarbitrationd [126] -> SiriNCService [1964]:46099
2026-08-25 06:23:00.164 I  diskarbitrationd[126:1b69] [com.apple.DiskArbitration.diskarbitrationd:default]   dispatched callback queue.
2026-08-25 06:23:00.164 I  diskarbitrationd[126:1b69] [com.apple.DiskArbitration.diskarbitrationd:default] diskarbitrationd [126] -> diskutil [310]:41503
2026-08-25 06:23:00.164 I  diskarbitrationd[126:1b69] [com.apple.DiskArbitration.diskarbitrationd:default]   dispatched callback queue.
2026-08-25 06:23:00.164 I  diskarbitrationd[126:1b69] [com.apple.DiskArbitration.diskarbitrationd:default] diskarbitrationd [126] -> SystemUIServer [489]:7435
2026-08-25 06:23:00.164 I  diskarbitrationd[126:1b69] [com.apple.DiskArbitration.diskarbitrationd:default]   dispatched callback queue.
2026-08-25 06:23:00.164 I  diskarbitrationd[126:1b69] [com.apple.DiskArbitration.diskarbitrationd:default] diskarbitrationd [126] -> Ëµ§ÂèãNTFSÂä©Êâã [690]:81411
2026-08-25 06:23:00.164 I  diskarbitrationd[126:1b69] [com.apple.DiskArbitration.diskarbitrationd:default]   dispatched callback queue.
2026-08-25 06:23:00.165 I  diskarbitrationd[126:1b69] [com.apple.DiskArbitration.diskarbitrationd:default] diskarbitrationd [126] -> icdd [630]:84227
2026-08-25 06:23:00.165 I  diskarbitrationd[126:1b69] [com.apple.DiskArbitration.diskarbitrationd:default]   dispatched callback queue.
2026-08-25 06:23:00.165 I  diskarbitrationd[126:1b69] [com.apple.DiskArbitration.diskarbitrationd:default] diskarbitrationd [126] -> storagekitd [276]:12059
2026-08-25 06:23:00.165 I  diskarbitrationd[126:1b69] [com.apple.DiskArbitration.diskarbitrationd:default]   dispatched callback queue.
2026-08-25 06:23:00.165 I  diskarbitrationd[126:1b69] [com.apple.DiskArbitration.diskarbitrationd:default] diskarbitrationd [126] -> APFSUserAgent [524]:56835
2026-08-25 06:23:00.165 I  diskarbitrationd[126:1b69] [com.apple.DiskArbitration.diskarbitrationd:default]   dispatched callback queue.
2026-08-25 06:23:00.166 I  diskarbitrationd[126:1b69] [com.apple.DiskArbitration.diskarbitrationd:default] diskarbitrationd [126] -> UserEventAgent [97]:27139
2026-08-25 06:23:00.166 I  diskarbitrationd[126:1b69] [com.apple.DiskArbitration.diskarbitrationd:default]   dispatched callback queue.
2026-08-25 06:23:00.166 I  diskarbitrationd[126:1b69] [com.apple.DiskArbitration.diskarbitrationd:default] diskarbitrationd [126] -> apfsd [192]:19823
2026-08-25 06:23:00.166 I  diskarbitrationd[126:1b69] [com.apple.DiskArbitration.diskarbitrationd:default]   dispatched callback queue.
2026-08-25 06:23:00.166 I  diskarbitrationd[126:1b69] [com.apple.DiskArbitration.diskarbitrationd:default] diskarbitrationd [126] -> hdiutil [2351]:128275
2026-08-25 06:23:00.166 I  diskarbitrationd[126:1b69] [com.apple.DiskArbitration.diskarbitrationd:default]   dispatched callback queue.
2026-08-25 06:23:00.167 I  diskarbitrationd[126:1b69] [com.apple.DiskArbitration.diskarbitrationd:default] diskarbitrationd [126] -> UserEventAgent [475]:48687
2026-08-25 06:23:00.167 I  diskarbitrationd[126:1b69] [com.apple.DiskArbitration.diskarbitrationd:default]   dispatched callback queue.
2026-08-25 06:23:00.167 I  diskarbitrationd[126:1b69] [com.apple.DiskArbitration.diskarbitrationd:default] hdiutil [2351]:128275 -> diskarbitrationd [126]
2026-08-25 06:23:00.167 I  diskarbitrationd[126:1b69] [com.apple.DiskArbitration.diskarbitrationd:default]   removed session, id = hdiutil [2351]:128275.
2026-08-25 06:23:00.167 I  io.macfuse.app.launchservice.daemon[2311:3c43] [io.macfuse:daemon] Remove disk image <private>
2026-08-25 06:23:00.169 I  diskarbitrationd[126:1b69] [com.apple.DiskArbitration.diskarbitrationd:default] diskarbitrationd [126] -> hdiejectd [2315]:66107
2026-08-25 06:23:00.169 I  diskarbitrationd[126:1b69] [com.apple.DiskArbitration.diskarbitrationd:default]   dispatched callback queue.
2026-08-25 06:23:00.403 I  diskarbitrationd[126:1b69] [com.apple.DiskArbitration.diskarbitrationd:default] diskutil [2357]:63831 -> diskarbitrationd [126]
2026-08-25 06:23:00.403 I  diskarbitrationd[126:1b69] [com.apple.DiskArbitration.diskarbitrationd:default]   created session, id = diskutil [2357]:63831.
2026-08-25 06:23:00.404 I  diskarbitrationd[126:1b69] [com.apple.DiskArbitration.diskarbitrationd:default]   removed session, id = diskutil [2357]:63831.
2026-08-25 06:23:00.413 I  diskarbitrationd[126:1b69] [com.apple.DiskArbitration.diskarbitrationd:default] diskutil [2357]:37711 -> diskarbitrationd [126]
2026-08-25 06:23:00.413 I  diskarbitrationd[126:1b69] [com.apple.DiskArbitration.diskarbitrationd:default]   created session, id = diskutil [2357]:37711.
2026-08-25 06:23:00.414 I  diskarbitrationd[126:1b69] [com.apple.DiskArbitration.diskarbitrationd:default]   set client port, id = diskutil [2357]:37711.
2026-08-25 06:23:00.425 I  diskarbitrationd[126:1b69] [com.apple.DiskArbitration.diskarbitrationd:default] storagekitd [276]:42931 -> diskarbitrationd [126]
2026-08-25 06:23:00.425 I  diskarbitrationd[126:1b69] [com.apple.DiskArbitration.diskarbitrationd:default]   created session, id = storagekitd [276]:42931.
2026-08-25 06:23:00.425 I  diskarbitrationd[126:1b69] [com.apple.DiskArbitration.diskarbitrationd:default]   set client port, id = storagekitd [276]:42931.
2026-08-25 06:23:00.432 I  diskarbitrationd[126:1b69] [com.apple.DiskArbitration.diskarbitrationd:default] storagekitd [276]:12059 -> diskarbitrationd [126]
2026-08-25 06:23:00.432 I  diskarbitrationd[126:1b69] [com.apple.DiskArbitration.diskarbitrationd:default]   unregistered callback, id = 0000000000000005:0000000000000005.
2026-08-25 06:23:00.432 I  diskarbitrationd[126:1b69] [com.apple.DiskArbitration.diskarbitrationd:default]   registered callback, id = 0000000000000005:0000000000000005, kind = idle.
2026-08-25 06:23:00.432 I  diskarbitrationd[126:1b69] [com.apple.DiskArbitration.diskarbitrationd:default] diskarbitrationd [126] -> storagekitd [276]:12059
2026-08-25 06:23:00.432 I  diskarbitrationd[126:1b69] [com.apple.DiskArbitration.diskarbitrationd:default]   dispatched callback, id = 0000000000000005:0000000000000005, kind = idle.
2026-08-25 06:23:00.432 I  diskarbitrationd[126:1b69] [com.apple.DiskArbitration.diskarbitrationd:default]   dispatched callback queue.
2026-08-25 06:23:00.434 I  diskarbitrationd[126:1b69] [com.apple.DiskArbitration.diskarbitrationd:default] diskutil [2357]:37711 -> diskarbitrationd [126]
2026-08-25 06:23:00.434 I  diskarbitrationd[126:1b69] [com.apple.DiskArbitration.diskarbitrationd:default]   removed session, id = diskutil [2357]:37711.
2026-08-25 06:23:00.435 I  diskarbitrationd[126:1b69] [com.apple.DiskArbitration.diskarbitrationd:default] storagekitd [276]:42931 -> diskarbitrationd [126]
2026-08-25 06:23:00.435 I  diskarbitrationd[126:1b69] [com.apple.DiskArbitration.diskarbitrationd:default]   removed session, id = storagekitd [276]:42931.
